,0
0,/_c21_/recent_bbs_read?grpid=1gOL&fldid=KOy1&contentval=000Y0zzzzzzzzzzzzzzzzzzzzzzzzz&datanum=2108&page=1&prev_page=0&listnum=20
1,/_c21_/recent_bbs_read?grpid=1gOL&fldid=RPRr&contentval=0000Kzzzzzzzzzzzzzzzzzzzzzzzzz&datanum=20&page=1&prev_page=0&listnum=20
2,/_c21_/recent_bbs_read?grpid=1gOL&fldid=KOy1&contentval=000Xxzzzzzzzzzzzzzzzzzzzzzzzzz&datanum=2105&page=1&prev_page=0&listnum=20
3,/_c21_/recent_bbs_read?grpid=1gOL&fldid=53Yk&contentval=000HSzzzzzzzzzzzzzzzzzzzzzzzzz&datanum=1082&page=1&prev_page=0&listnum=20
4,/_c21_/recent_bbs_read?grpid=1gOL&fldid=KOy1&contentval=000Xwzzzzzzzzzzzzzzzzzzzzzzzzz&datanum=2104&page=1&prev_page=0&listnum=20
5,/_c21_/recent_bbs_read?grpid=1gOL&fldid=Pfbr&contentval=0001czzzzzzzzzzzzzzzzzzzzzzzzz&datanum=100&page=1&prev_page=0&listnum=20
6,/_c21_/recent_bbs_read?grpid=1gOL&fldid=RPRr&contentval=0000Jzzzzzzzzzzzzzzzzzzzzzzzzz&datanum=19&page=1&prev_page=0&listnum=20
7,/_c21_/recent_bbs_read?grpid=1gOL&fldid=PhG5&contentval=0006Pzzzzzzzzzzzzzzzzzzzzzzzzz&datanum=397&page=1&prev_page=0&listnum=20
8,/_c21_/recent_bbs_read?grpid=1gOL&fldid=KOy1&contentval=000Xszzzzzzzzzzzzzzzzzzzzzzzzz&datanum=2100&page=1&prev_page=0&listnum=20
9,/_c21_/recent_bbs_read?grpid=1gOL&fldid=KOy1&contentval=000Xrzzzzzzzzzzzzzzzzzzzzzzzzz&datanum=2099&page=1&prev_page=0&listnum=20
10,/_c21_/recent_bbs_read?grpid=1gOL&fldid=RJXc&contentval=0000Tzzzzzzzzzzzzzzzzzzzzzzzzz&datanum=29&page=1&prev_page=0&listnum=20
11,/_c21_/recent_bbs_read?grpid=1gOL&fldid=RPRr&contentval=0000Gzzzzzzzzzzzzzzzzzzzzzzzzz&datanum=16&page=1&prev_page=0&listnum=20
12,/_c21_/recent_bbs_read?grpid=1gOL&fldid=PhG5&contentval=0006Ozzzzzzzzzzzzzzzzzzzzzzzzz&datanum=396&page=1&prev_page=0&listnum=20
13,/_c21_/recent_bbs_read?grpid=1gOL&fldid=8LdU&contentval=000nuzzzzzzzzzzzzzzzzzzzzzzzzz&datanum=3094&page=1&prev_page=0&listnum=20
14,/_c21_/recent_bbs_read?grpid=1gOL&fldid=8LdU&contentval=000ntzzzzzzzzzzzzzzzzzzzzzzzzz&datanum=3093&page=1&prev_page=0&listnum=20
15,/_c21_/recent_bbs_read?grpid=1gOL&fldid=5wBt&contentval=0004Nzzzzzzzzzzzzzzzzzzzzzzzzz&datanum=271&page=1&prev_page=0&listnum=20
16,/_c21_/recent_bbs_read?grpid=1gOL&fldid=KOy1&contentval=000Xpzzzzzzzzzzzzzzzzzzzzzzzzz&datanum=2097&page=1&prev_page=0&listnum=20
17,/_c21_/recent_bbs_read?grpid=1gOL&fldid=8LdU&contentval=000nszzzzzzzzzzzzzzzzzzzzzzzzz&datanum=3092&page=1&prev_page=0&listnum=20
18,/_c21_/recent_bbs_read?grpid=1gOL&fldid=8LdU&contentval=000nrzzzzzzzzzzzzzzzzzzzzzzzzz&datanum=3091&page=1&prev_page=0&listnum=20
19,/_c21_/recent_bbs_read?grpid=1gOL&fldid=8LdU&contentval=000nqzzzzzzzzzzzzzzzzzzzzzzzzz&datanum=3090&page=1&prev_page=0&listnum=20
20,/_c21_/recent_bbs_read?grpid=1gOL&fldid=8LdU&contentval=000npzzzzzzzzzzzzzzzzzzzzzzzzz&datanum=3089&page=2&prev_page=0&listnum=20
21,/_c21_/recent_bbs_read?grpid=1gOL&fldid=PhG5&contentval=0006Nzzzzzzzzzzzzzzzzzzzzzzzzz&datanum=395&page=2&prev_page=0&listnum=20
22,/_c21_/recent_bbs_read?grpid=1gOL&fldid=PhG5&contentval=0006Mzzzzzzzzzzzzzzzzzzzzzzzzz&datanum=394&page=2&prev_page=0&listnum=20
23,/_c21_/recent_bbs_read?grpid=1gOL&fldid=8LdU&contentval=000nozzzzzzzzzzzzzzzzzzzzzzzzz&datanum=3088&page=2&prev_page=0&listnum=20
24,/_c21_/recent_bbs_read?grpid=1gOL&fldid=RJXc&contentval=0000Szzzzzzzzzzzzzzzzzzzzzzzzz&datanum=28&page=2&prev_page=0&listnum=20
25,/_c21_/recent_bbs_read?grpid=1gOL&fldid=3FD&contentval=007nSzzzzzzzzzzzzzzzzzzzzzzzzz&datanum=29974&page=2&prev_page=0&listnum=20
26,/_c21_/recent_bbs_read?grpid=1gOL&fldid=3FD&contentval=007nRzzzzzzzzzzzzzzzzzzzzzzzzz&datanum=29973&page=2&prev_page=0&listnum=20
27,/_c21_/recent_bbs_read?grpid=1gOL&fldid=RPRr&contentval=0000Dzzzzzzzzzzzzzzzzzzzzzzzzz&datanum=13&page=2&prev_page=0&listnum=20
28,/_c21_/recent_bbs_read?grpid=1gOL&fldid=RPRr&contentval=0000Czzzzzzzzzzzzzzzzzzzzzzzzz&datanum=12&page=2&prev_page=0&listnum=20
29,/_c21_/recent_bbs_read?grpid=1gOL&fldid=RPRr&contentval=0000Bzzzzzzzzzzzzzzzzzzzzzzzzz&datanum=11&page=2&prev_page=0&listnum=20
30,/_c21_/recent_bbs_read?grpid=1gOL&fldid=RPRr&contentval=0000Azzzzzzzzzzzzzzzzzzzzzzzzz&datanum=10&page=2&prev_page=0&listnum=20
31,/_c21_/recent_bbs_read?grpid=1gOL&fldid=RPRr&contentval=00009zzzzzzzzzzzzzzzzzzzzzzzzz&datanum=9&page=2&prev_page=0&listnum=20
32,/_c21_/recent_bbs_read?grpid=1gOL&fldid=RPRr&contentval=00008zzzzzzzzzzzzzzzzzzzzzzzzz&datanum=8&page=2&prev_page=0&listnum=20
33,/_c21_/recent_bbs_read?grpid=1gOL&fldid=RPRr&contentval=00007zzzzzzzzzzzzzzzzzzzzzzzzz&datanum=7&page=2&prev_page=0&listnum=20
34,/_c21_/recent_bbs_read?grpid=1gOL&fldid=RPRr&contentval=00006zzzzzzzzzzzzzzzzzzzzzzzzz&datanum=6&page=2&prev_page=0&listnum=20
35,/_c21_/recent_bbs_read?grpid=1gOL&fldid=RPRr&contentval=00005zzzzzzzzzzzzzzzzzzzzzzzzz&datanum=5&page=2&prev_page=0&listnum=20
36,/_c21_/recent_bbs_read?grpid=1gOL&fldid=RPRr&contentval=00004zzzzzzzzzzzzzzzzzzzzzzzzz&datanum=4&page=2&prev_page=0&listnum=20
37,/_c21_/recent_bbs_read?grpid=1gOL&fldid=RPRr&contentval=00003zzzzzzzzzzzzzzzzzzzzzzzzz&datanum=3&page=2&prev_page=0&listnum=20
38,/_c21_/recent_bbs_read?grpid=1gOL&fldid=RPRr&contentval=00002zzzzzzzzzzzzzzzzzzzzzzzzz&datanum=2&page=2&prev_page=0&listnum=20
39,/_c21_/recent_bbs_read?grpid=1gOL&fldid=KOy1&contentval=000Xmzzzzzzzzzzzzzzzzzzzzzzzzz&datanum=2094&page=2&prev_page=0&listnum=20
40,/_c21_/recent_bbs_read?grpid=1gOL&fldid=RPRr&contentval=00001zzzzzzzzzzzzzzzzzzzzzzzzz&datanum=1&page=3&prev_page=0&listnum=20
41,/_c21_/recent_bbs_read?grpid=1gOL&fldid=3FD&contentval=007nQzzzzzzzzzzzzzzzzzzzzzzzzz&datanum=29972&page=3&prev_page=0&listnum=20
42,/_c21_/recent_bbs_read?grpid=1gOL&fldid=DFBh&contentval=00059zzzzzzzzzzzzzzzzzzzzzzzzz&datanum=319&page=3&prev_page=0&listnum=20
43,/_c21_/recent_bbs_read?grpid=1gOL&fldid=3FD&contentval=007nPzzzzzzzzzzzzzzzzzzzzzzzzz&datanum=29971&page=3&prev_page=0&listnum=20
44,/_c21_/recent_bbs_read?grpid=1gOL&fldid=3FD&contentval=007nOzzzzzzzzzzzzzzzzzzzzzzzzz&datanum=29970&page=3&prev_page=0&listnum=20
45,/_c21_/recent_bbs_read?grpid=1gOL&fldid=8LdU&contentval=000nnzzzzzzzzzzzzzzzzzzzzzzzzz&datanum=3087&page=3&prev_page=0&listnum=20
46,/_c21_/recent_bbs_read?grpid=1gOL&fldid=KOy1&contentval=000Xkzzzzzzzzzzzzzzzzzzzzzzzzz&datanum=2092&page=3&prev_page=0&listnum=20
47,/_c21_/recent_bbs_read?grpid=1gOL&fldid=TsU&contentval=000Qbzzzzzzzzzzzzzzzzzzzzzzzzz&datanum=1649&page=3&prev_page=0&listnum=20
48,/_c21_/recent_bbs_read?grpid=1gOL&fldid=TsU&contentval=000Qazzzzzzzzzzzzzzzzzzzzzzzzz&datanum=1648&page=3&prev_page=0&listnum=20
49,/_c21_/recent_bbs_read?grpid=1gOL&fldid=TsU&contentval=000QZzzzzzzzzzzzzzzzzzzzzzzzzz&datanum=1647&page=3&prev_page=0&listnum=20
50,/_c21_/recent_bbs_read?grpid=1gOL&fldid=KOy1&contentval=000Xizzzzzzzzzzzzzzzzzzzzzzzzz&datanum=2090&page=3&prev_page=0&listnum=20
51,/_c21_/recent_bbs_read?grpid=1gOL&fldid=3FD&contentval=007nNzzzzzzzzzzzzzzzzzzzzzzzzz&datanum=29969&page=3&prev_page=0&listnum=20
52,/_c21_/recent_bbs_read?grpid=1gOL&fldid=53Yk&contentval=000HRzzzzzzzzzzzzzzzzzzzzzzzzz&datanum=1081&page=3&prev_page=0&listnum=20
53,/_c21_/recent_bbs_read?grpid=1gOL&fldid=3FD&contentval=007nJzzzzzzzzzzzzzzzzzzzzzzzzz&datanum=29965&page=3&prev_page=0&listnum=20
54,/_c21_/recent_bbs_read?grpid=1gOL&fldid=3FD&contentval=007nHzzzzzzzzzzzzzzzzzzzzzzzzz&datanum=29963&page=3&prev_page=0&listnum=20
55,/_c21_/recent_bbs_read?grpid=1gOL&fldid=KOy1&contentval=000Xezzzzzzzzzzzzzzzzzzzzzzzzz&datanum=2086&page=3&prev_page=0&listnum=20
56,/_c21_/recent_bbs_read?grpid=1gOL&fldid=8LdU&contentval=000nmzzzzzzzzzzzzzzzzzzzzzzzzz&datanum=3086&page=3&prev_page=0&listnum=20
57,/_c21_/recent_bbs_read?grpid=1gOL&fldid=KOy1&contentval=000Xdzzzzzzzzzzzzzzzzzzzzzzzzz&datanum=2085&page=3&prev_page=0&listnum=20
58,/_c21_/recent_bbs_read?grpid=1gOL&fldid=KOy1&contentval=000Xczzzzzzzzzzzzzzzzzzzzzzzzz&datanum=2084&page=3&prev_page=0&listnum=20
59,/_c21_/recent_bbs_read?grpid=1gOL&fldid=3FD&contentval=007nGzzzzzzzzzzzzzzzzzzzzzzzzz&datanum=29962&page=3&prev_page=0&listnum=20
60,/_c21_/recent_bbs_read?grpid=1gOL&fldid=KOy1&contentval=000XYzzzzzzzzzzzzzzzzzzzzzzzzz&datanum=2080&page=4&prev_page=0&listnum=20
61,/_c21_/recent_bbs_read?grpid=1gOL&fldid=RHSh&contentval=0000ezzzzzzzzzzzzzzzzzzzzzzzzz&datanum=40&page=4&prev_page=0&listnum=20
62,/_c21_/recent_bbs_read?grpid=1gOL&fldid=PhG5&contentval=0006Gzzzzzzzzzzzzzzzzzzzzzzzzz&datanum=388&page=4&prev_page=0&listnum=20
63,/_c21_/recent_bbs_read?grpid=1gOL&fldid=PhG5&contentval=0006Fzzzzzzzzzzzzzzzzzzzzzzzzz&datanum=387&page=4&prev_page=0&listnum=20
64,/_c21_/recent_bbs_read?grpid=1gOL&fldid=KOy1&contentval=000XUzzzzzzzzzzzzzzzzzzzzzzzzz&datanum=2076&page=4&prev_page=0&listnum=20
65,/_c21_/recent_bbs_read?grpid=1gOL&fldid=8LdU&contentval=000nhzzzzzzzzzzzzzzzzzzzzzzzzz&datanum=3081&page=4&prev_page=0&listnum=20
66,/_c21_/recent_bbs_read?grpid=1gOL&fldid=3FD&contentval=007n4zzzzzzzzzzzzzzzzzzzzzzzzz&datanum=29950&page=4&prev_page=0&listnum=20
67,/_c21_/recent_bbs_read?grpid=1gOL&fldid=KOy1&contentval=000XTzzzzzzzzzzzzzzzzzzzzzzzzz&datanum=2075&page=4&prev_page=0&listnum=20
68,/_c21_/recent_bbs_read?grpid=1gOL&fldid=KOy1&contentval=000XSzzzzzzzzzzzzzzzzzzzzzzzzz&datanum=2074&page=4&prev_page=0&listnum=20
69,/_c21_/recent_bbs_read?grpid=1gOL&fldid=KOy1&contentval=000XRzzzzzzzzzzzzzzzzzzzzzzzzz&datanum=2073&page=4&prev_page=0&listnum=20
70,/_c21_/recent_bbs_read?grpid=1gOL&fldid=8LdU&contentval=000nezzzzzzzzzzzzzzzzzzzzzzzzz&datanum=3078&page=4&prev_page=0&listnum=20
71,/_c21_/recent_bbs_read?grpid=1gOL&fldid=3FD&contentval=007n2zzzzzzzzzzzzzzzzzzzzzzzzz&datanum=29948&page=4&prev_page=0&listnum=20
72,/_c21_/recent_bbs_read?grpid=1gOL&fldid=3FD&contentval=007n1zzzzzzzzzzzzzzzzzzzzzzzzz&datanum=29947&page=4&prev_page=0&listnum=20
73,/_c21_/recent_bbs_read?grpid=1gOL&fldid=PhG5&contentval=0006Dzzzzzzzzzzzzzzzzzzzzzzzzz&datanum=385&page=4&prev_page=0&listnum=20
74,/_c21_/recent_bbs_read?grpid=1gOL&fldid=PhG5&contentval=0006Czzzzzzzzzzzzzzzzzzzzzzzzz&datanum=384&page=4&prev_page=0&listnum=20
75,/_c21_/recent_bbs_read?grpid=1gOL&fldid=PhG5&contentval=0006Azzzzzzzzzzzzzzzzzzzzzzzzz&datanum=382&page=4&prev_page=0&listnum=20
76,/_c21_/recent_bbs_read?grpid=1gOL&fldid=3FD&contentval=007mzzzzzzzzzzzzzzzzzzzzzzzzzz&datanum=29945&page=4&prev_page=0&listnum=20
77,/_c21_/recent_bbs_read?grpid=1gOL&fldid=8LdU&contentval=000nczzzzzzzzzzzzzzzzzzzzzzzzz&datanum=3076&page=4&prev_page=0&listnum=20
78,/_c21_/recent_bbs_read?grpid=1gOL&fldid=8LdU&contentval=000nbzzzzzzzzzzzzzzzzzzzzzzzzz&datanum=3075&page=4&prev_page=0&listnum=20
79,/_c21_/recent_bbs_read?grpid=1gOL&fldid=KOy1&contentval=000XQzzzzzzzzzzzzzzzzzzzzzzzzz&datanum=2072&page=4&prev_page=0&listnum=20
80,/_c21_/recent_bbs_read?grpid=1gOL&fldid=3FD&contentval=007mxzzzzzzzzzzzzzzzzzzzzzzzzz&datanum=29943&page=5&prev_page=0&listnum=20
81,/_c21_/recent_bbs_read?grpid=1gOL&fldid=KOy1&contentval=000XOzzzzzzzzzzzzzzzzzzzzzzzzz&datanum=2070&page=5&prev_page=0&listnum=20
82,/_c21_/recent_bbs_read?grpid=1gOL&fldid=3FD&contentval=007mtzzzzzzzzzzzzzzzzzzzzzzzzz&datanum=29939&page=5&prev_page=0&listnum=20
83,/_c21_/recent_bbs_read?grpid=1gOL&fldid=TsU&contentval=000QYzzzzzzzzzzzzzzzzzzzzzzzzz&datanum=1646&page=5&prev_page=0&listnum=20
84,/_c21_/recent_bbs_read?grpid=1gOL&fldid=3FD&contentval=007mszzzzzzzzzzzzzzzzzzzzzzzzz&datanum=29938&page=5&prev_page=0&listnum=20
85,/_c21_/recent_bbs_read?grpid=1gOL&fldid=3FD&contentval=007mqzzzzzzzzzzzzzzzzzzzzzzzzz&datanum=29936&page=5&prev_page=0&listnum=20
86,/_c21_/recent_bbs_read?grpid=1gOL&fldid=KOy1&contentval=000XHzzzzzzzzzzzzzzzzzzzzzzzzz&datanum=2063&page=5&prev_page=0&listnum=20
87,/_c21_/recent_bbs_read?grpid=1gOL&fldid=8LdU&contentval=000nXzzzzzzzzzzzzzzzzzzzzzzzzz&datanum=3071&page=5&prev_page=0&listnum=20
88,/_c21_/recent_bbs_read?grpid=1gOL&fldid=3FD&contentval=007mgzzzzzzzzzzzzzzzzzzzzzzzzz&datanum=29926&page=5&prev_page=0&listnum=20
89,/_c21_/recent_bbs_read?grpid=1gOL&fldid=Pfbr&contentval=0001X0001Yzzzzzzzzzzzzzzzzzzzz&datanum=96&page=5&prev_page=0&listnum=20
90,/_c21_/recent_bbs_read?grpid=1gOL&fldid=Pfbr&contentval=0001Xzzzzzzzzzzzzzzzzzzzzzzzzz&datanum=95&page=5&prev_page=0&listnum=20
91,/_c21_/recent_bbs_read?grpid=1gOL&fldid=3FD&contentval=007mfzzzzzzzzzzzzzzzzzzzzzzzzz&datanum=29925&page=5&prev_page=0&listnum=20
92,/_c21_/recent_bbs_read?grpid=1gOL&fldid=3FD&contentval=007mbzzzzzzzzzzzzzzzzzzzzzzzzz&datanum=29921&page=5&prev_page=0&listnum=20
93,/_c21_/recent_bbs_read?grpid=1gOL&fldid=KOy1&contentval=000X8zzzzzzzzzzzzzzzzzzzzzzzzz&datanum=2054&page=5&prev_page=0&listnum=20
94,/_c21_/recent_bbs_read?grpid=1gOL&fldid=8LdU&contentval=000nUzzzzzzzzzzzzzzzzzzzzzzzzz&datanum=3068&page=5&prev_page=0&listnum=20
95,/_c21_/recent_bbs_read?grpid=1gOL&fldid=8LdU&contentval=000nTzzzzzzzzzzzzzzzzzzzzzzzzz&datanum=3067&page=5&prev_page=0&listnum=20
96,/_c21_/recent_bbs_read?grpid=1gOL&fldid=KOy1&contentval=000X2zzzzzzzzzzzzzzzzzzzzzzzzz&datanum=2048&page=5&prev_page=0&listnum=20
97,/_c21_/recent_bbs_read?grpid=1gOL&fldid=3FD&contentval=007mazzzzzzzzzzzzzzzzzzzzzzzzz&datanum=29920&page=5&prev_page=0&listnum=20
98,/_c21_/recent_bbs_read?grpid=1gOL&fldid=3FD&contentval=007mZzzzzzzzzzzzzzzzzzzzzzzzzz&datanum=29919&page=5&prev_page=0&listnum=20
99,/_c21_/recent_bbs_read?grpid=1gOL&fldid=KOy1&contentval=000X1zzzzzzzzzzzzzzzzzzzzzzzzz&datanum=2047&page=5&prev_page=0&listnum=20
100,/_c21_/recent_bbs_read?grpid=1gOL&fldid=3FD&contentval=007mWzzzzzzzzzzzzzzzzzzzzzzzzz&datanum=29916&page=6&prev_page=0&listnum=20
101,/_c21_/recent_bbs_read?grpid=1gOL&fldid=8LdU&contentval=000nSzzzzzzzzzzzzzzzzzzzzzzzzz&datanum=3066&page=6&prev_page=0&listnum=20
102,/_c21_/recent_bbs_read?grpid=1gOL&fldid=PhG5&contentval=00068zzzzzzzzzzzzzzzzzzzzzzzzz&datanum=380&page=6&prev_page=0&listnum=20
103,/_c21_/recent_bbs_read?grpid=1gOL&fldid=TsU&contentval=000QKzzzzzzzzzzzzzzzzzzzzzzzzz&datanum=1632&page=6&prev_page=0&listnum=20
104,/_c21_/recent_bbs_read?grpid=1gOL&fldid=3FD&contentval=007mUzzzzzzzzzzzzzzzzzzzzzzzzz&datanum=29914&page=6&prev_page=0&listnum=20
105,/_c21_/recent_bbs_read?grpid=1gOL&fldid=3FD&contentval=007mTzzzzzzzzzzzzzzzzzzzzzzzzz&datanum=29913&page=6&prev_page=0&listnum=20
106,/_c21_/recent_bbs_read?grpid=1gOL&fldid=TsU&contentval=000QJzzzzzzzzzzzzzzzzzzzzzzzzz&datanum=1631&page=6&prev_page=0&listnum=20
107,/_c21_/recent_bbs_read?grpid=1gOL&fldid=3FD&contentval=007mSzzzzzzzzzzzzzzzzzzzzzzzzz&datanum=29912&page=6&prev_page=0&listnum=20
108,/_c21_/recent_bbs_read?grpid=1gOL&fldid=3FD&contentval=007mRzzzzzzzzzzzzzzzzzzzzzzzzz&datanum=29911&page=6&prev_page=0&listnum=20
109,/_c21_/recent_bbs_read?grpid=1gOL&fldid=3FD&contentval=007mP007mQzzzzzzzzzzzzzzzzzzzz&datanum=29910&page=6&prev_page=0&listnum=20
110,/_c21_/recent_bbs_read?grpid=1gOL&fldid=KOy1&contentval=000Wuzzzzzzzzzzzzzzzzzzzzzzzzz&datanum=2040&page=6&prev_page=0&listnum=20
111,/_c21_/recent_bbs_read?grpid=1gOL&fldid=3FD&contentval=007mNzzzzzzzzzzzzzzzzzzzzzzzzz&datanum=29907&page=6&prev_page=0&listnum=20
112,/_c21_/recent_bbs_read?grpid=1gOL&fldid=PhG5&contentval=00067zzzzzzzzzzzzzzzzzzzzzzzzz&datanum=379&page=6&prev_page=0&listnum=20
113,/_c21_/recent_bbs_read?grpid=1gOL&fldid=8LdU&contentval=000nQzzzzzzzzzzzzzzzzzzzzzzzzz&datanum=3064&page=6&prev_page=0&listnum=20
114,/_c21_/recent_bbs_read?grpid=1gOL&fldid=8LdU&contentval=000nPzzzzzzzzzzzzzzzzzzzzzzzzz&datanum=3063&page=6&prev_page=0&listnum=20
115,/_c21_/recent_bbs_read?grpid=1gOL&fldid=3FD&contentval=007mMzzzzzzzzzzzzzzzzzzzzzzzzz&datanum=29906&page=6&prev_page=0&listnum=20
116,/_c21_/recent_bbs_read?grpid=1gOL&fldid=3FD&contentval=007mLzzzzzzzzzzzzzzzzzzzzzzzzz&datanum=29905&page=6&prev_page=0&listnum=20
117,/_c21_/recent_bbs_read?grpid=1gOL&fldid=KOy1&contentval=000Wrzzzzzzzzzzzzzzzzzzzzzzzzz&datanum=2037&page=6&prev_page=0&listnum=20
118,/_c21_/recent_bbs_read?grpid=1gOL&fldid=3FD&contentval=007mKzzzzzzzzzzzzzzzzzzzzzzzzz&datanum=29904&page=6&prev_page=0&listnum=20
119,/_c21_/recent_bbs_read?grpid=1gOL&fldid=8LdU&contentval=000nOzzzzzzzzzzzzzzzzzzzzzzzzz&datanum=3062&page=6&prev_page=0&listnum=20
120,/_c21_/recent_bbs_read?grpid=1gOL&fldid=KOy1&contentval=000Wpzzzzzzzzzzzzzzzzzzzzzzzzz&datanum=2035&page=7&prev_page=0&listnum=20
121,/_c21_/recent_bbs_read?grpid=1gOL&fldid=KOy1&contentval=000Wozzzzzzzzzzzzzzzzzzzzzzzzz&datanum=2034&page=7&prev_page=0&listnum=20
122,/_c21_/recent_bbs_read?grpid=1gOL&fldid=3FD&contentval=007mJzzzzzzzzzzzzzzzzzzzzzzzzz&datanum=29903&page=7&prev_page=0&listnum=20
123,/_c21_/recent_bbs_read?grpid=1gOL&fldid=3FD&contentval=007mIzzzzzzzzzzzzzzzzzzzzzzzzz&datanum=29902&page=7&prev_page=0&listnum=20
124,/_c21_/recent_bbs_read?grpid=1gOL&fldid=8LdU&contentval=000nNzzzzzzzzzzzzzzzzzzzzzzzzz&datanum=3061&page=7&prev_page=0&listnum=20
125,/_c21_/recent_bbs_read?grpid=1gOL&fldid=KOy1&contentval=000Wnzzzzzzzzzzzzzzzzzzzzzzzzz&datanum=2033&page=7&prev_page=0&listnum=20
126,/_c21_/recent_bbs_read?grpid=1gOL&fldid=KOy1&contentval=000Wmzzzzzzzzzzzzzzzzzzzzzzzzz&datanum=2032&page=7&prev_page=0&listnum=20
127,/_c21_/recent_bbs_read?grpid=1gOL&fldid=8LdU&contentval=000nMzzzzzzzzzzzzzzzzzzzzzzzzz&datanum=3060&page=7&prev_page=0&listnum=20
128,/_c21_/recent_bbs_read?grpid=1gOL&fldid=KOy1&contentval=000Wlzzzzzzzzzzzzzzzzzzzzzzzzz&datanum=2031&page=7&prev_page=0&listnum=20
129,/_c21_/recent_bbs_read?grpid=1gOL&fldid=KOy1&contentval=000Wkzzzzzzzzzzzzzzzzzzzzzzzzz&datanum=2030&page=7&prev_page=0&listnum=20
130,/_c21_/recent_bbs_read?grpid=1gOL&fldid=8LdU&contentval=000nLzzzzzzzzzzzzzzzzzzzzzzzzz&datanum=3059&page=7&prev_page=0&listnum=20
131,/_c21_/recent_bbs_read?grpid=1gOL&fldid=8LdU&contentval=000nKzzzzzzzzzzzzzzzzzzzzzzzzz&datanum=3058&page=7&prev_page=0&listnum=20
132,/_c21_/recent_bbs_read?grpid=1gOL&fldid=8LdU&contentval=000nJzzzzzzzzzzzzzzzzzzzzzzzzz&datanum=3057&page=7&prev_page=0&listnum=20
133,/_c21_/recent_bbs_read?grpid=1gOL&fldid=KOy1&contentval=000Wjzzzzzzzzzzzzzzzzzzzzzzzzz&datanum=2029&page=7&prev_page=0&listnum=20
134,/_c21_/recent_bbs_read?grpid=1gOL&fldid=PhG5&contentval=00065zzzzzzzzzzzzzzzzzzzzzzzzz&datanum=377&page=7&prev_page=0&listnum=20
135,/_c21_/recent_bbs_read?grpid=1gOL&fldid=PhG5&contentval=00064zzzzzzzzzzzzzzzzzzzzzzzzz&datanum=376&page=7&prev_page=0&listnum=20
136,/_c21_/recent_bbs_read?grpid=1gOL&fldid=KOy1&contentval=000Whzzzzzzzzzzzzzzzzzzzzzzzzz&datanum=2027&page=7&prev_page=0&listnum=20
137,/_c21_/recent_bbs_read?grpid=1gOL&fldid=KOy1&contentval=000Wgzzzzzzzzzzzzzzzzzzzzzzzzz&datanum=2026&page=7&prev_page=0&listnum=20
138,/_c21_/recent_bbs_read?grpid=1gOL&fldid=KOy1&contentval=000Wdzzzzzzzzzzzzzzzzzzzzzzzzz&datanum=2023&page=7&prev_page=0&listnum=20
139,/_c21_/recent_bbs_read?grpid=1gOL&fldid=KOy1&contentval=000Wczzzzzzzzzzzzzzzzzzzzzzzzz&datanum=2022&page=7&prev_page=0&listnum=20
140,/_c21_/recent_bbs_read?grpid=1gOL&fldid=TsU&contentval=000QIzzzzzzzzzzzzzzzzzzzzzzzzz&datanum=1630&page=8&prev_page=0&listnum=20
141,/_c21_/recent_bbs_read?grpid=1gOL&fldid=KOy1&contentval=000Wbzzzzzzzzzzzzzzzzzzzzzzzzz&datanum=2021&page=8&prev_page=0&listnum=20
142,/_c21_/recent_bbs_read?grpid=1gOL&fldid=KOy1&contentval=000WZzzzzzzzzzzzzzzzzzzzzzzzzz&datanum=2019&page=8&prev_page=0&listnum=20
143,/_c21_/recent_bbs_read?grpid=1gOL&fldid=8LdU&contentval=000nIzzzzzzzzzzzzzzzzzzzzzzzzz&datanum=3056&page=8&prev_page=0&listnum=20
144,/_c21_/recent_bbs_read?grpid=1gOL&fldid=8LdU&contentval=000nHzzzzzzzzzzzzzzzzzzzzzzzzz&datanum=3055&page=8&prev_page=0&listnum=20
145,/_c21_/recent_bbs_read?grpid=1gOL&fldid=3FD&contentval=007mEzzzzzzzzzzzzzzzzzzzzzzzzz&datanum=29898&page=8&prev_page=0&listnum=20
146,/_c21_/recent_bbs_read?grpid=1gOL&fldid=3FD&contentval=007mCzzzzzzzzzzzzzzzzzzzzzzzzz&datanum=29896&page=8&prev_page=0&listnum=20
147,/_c21_/recent_bbs_read?grpid=1gOL&fldid=3FD&contentval=007mBzzzzzzzzzzzzzzzzzzzzzzzzz&datanum=29895&page=8&prev_page=0&listnum=20
148,/_c21_/recent_bbs_read?grpid=1gOL&fldid=3FD&contentval=007mAzzzzzzzzzzzzzzzzzzzzzzzzz&datanum=29894&page=8&prev_page=0&listnum=20
149,/_c21_/recent_bbs_read?grpid=1gOL&fldid=3FD&contentval=007m9zzzzzzzzzzzzzzzzzzzzzzzzz&datanum=29893&page=8&prev_page=0&listnum=20
150,/_c21_/recent_bbs_read?grpid=1gOL&fldid=KOy1&contentval=000WXzzzzzzzzzzzzzzzzzzzzzzzzz&datanum=2017&page=8&prev_page=0&listnum=20
151,/_c21_/recent_bbs_read?grpid=1gOL&fldid=DFBh&contentval=00058zzzzzzzzzzzzzzzzzzzzzzzzz&datanum=318&page=8&prev_page=0&listnum=20
152,/_c21_/recent_bbs_read?grpid=1gOL&fldid=8LdU&contentval=000nEzzzzzzzzzzzzzzzzzzzzzzzzz&datanum=3052&page=8&prev_page=0&listnum=20
153,/_c21_/recent_bbs_read?grpid=1gOL&fldid=8LdU&contentval=000nDzzzzzzzzzzzzzzzzzzzzzzzzz&datanum=3051&page=8&prev_page=0&listnum=20
154,/_c21_/recent_bbs_read?grpid=1gOL&fldid=KOy1&contentval=000WVzzzzzzzzzzzzzzzzzzzzzzzzz&datanum=2015&page=8&prev_page=0&listnum=20
155,/_c21_/recent_bbs_read?grpid=1gOL&fldid=3FD&contentval=007m8zzzzzzzzzzzzzzzzzzzzzzzzz&datanum=29892&page=8&prev_page=0&listnum=20
156,/_c21_/recent_bbs_read?grpid=1gOL&fldid=TsU&contentval=000QHzzzzzzzzzzzzzzzzzzzzzzzzz&datanum=1629&page=8&prev_page=0&listnum=20
157,/_c21_/recent_bbs_read?grpid=1gOL&fldid=KOy1&contentval=000WUzzzzzzzzzzzzzzzzzzzzzzzzz&datanum=2014&page=8&prev_page=0&listnum=20
158,/_c21_/recent_bbs_read?grpid=1gOL&fldid=KOy1&contentval=000WTzzzzzzzzzzzzzzzzzzzzzzzzz&datanum=2013&page=8&prev_page=0&listnum=20
159,/_c21_/recent_bbs_read?grpid=1gOL&fldid=8LdU&contentval=000nCzzzzzzzzzzzzzzzzzzzzzzzzz&datanum=3050&page=8&prev_page=0&listnum=20
160,/_c21_/recent_bbs_read?grpid=1gOL&fldid=KOy1&contentval=000WRzzzzzzzzzzzzzzzzzzzzzzzzz&datanum=2011&page=9&prev_page=0&listnum=20
161,/_c21_/recent_bbs_read?grpid=1gOL&fldid=8LdU&contentval=000nBzzzzzzzzzzzzzzzzzzzzzzzzz&datanum=3049&page=9&prev_page=0&listnum=20
162,/_c21_/recent_bbs_read?grpid=1gOL&fldid=8LdU&contentval=000nAzzzzzzzzzzzzzzzzzzzzzzzzz&datanum=3048&page=9&prev_page=0&listnum=20
163,/_c21_/recent_bbs_read?grpid=1gOL&fldid=8LdU&contentval=000n9zzzzzzzzzzzzzzzzzzzzzzzzz&datanum=3047&page=9&prev_page=0&listnum=20
164,/_c21_/recent_bbs_read?grpid=1gOL&fldid=8LdU&contentval=000n8zzzzzzzzzzzzzzzzzzzzzzzzz&datanum=3046&page=9&prev_page=0&listnum=20
165,/_c21_/recent_bbs_read?grpid=1gOL&fldid=8LdU&contentval=000n7zzzzzzzzzzzzzzzzzzzzzzzzz&datanum=3045&page=9&prev_page=0&listnum=20
166,/_c21_/recent_bbs_read?grpid=1gOL&fldid=8LdU&contentval=000n6zzzzzzzzzzzzzzzzzzzzzzzzz&datanum=3044&page=9&prev_page=0&listnum=20
167,/_c21_/recent_bbs_read?grpid=1gOL&fldid=8LdU&contentval=000n5zzzzzzzzzzzzzzzzzzzzzzzzz&datanum=3043&page=9&prev_page=0&listnum=20
168,/_c21_/recent_bbs_read?grpid=1gOL&fldid=8LdU&contentval=000n4zzzzzzzzzzzzzzzzzzzzzzzzz&datanum=3042&page=9&prev_page=0&listnum=20
169,/_c21_/recent_bbs_read?grpid=1gOL&fldid=8LdU&contentval=000n3zzzzzzzzzzzzzzzzzzzzzzzzz&datanum=3041&page=9&prev_page=0&listnum=20
170,/_c21_/recent_bbs_read?grpid=1gOL&fldid=8LdU&contentval=000n2zzzzzzzzzzzzzzzzzzzzzzzzz&datanum=3040&page=9&prev_page=0&listnum=20
171,/_c21_/recent_bbs_read?grpid=1gOL&fldid=8LdU&contentval=000n1zzzzzzzzzzzzzzzzzzzzzzzzz&datanum=3039&page=9&prev_page=0&listnum=20
172,/_c21_/recent_bbs_read?grpid=1gOL&fldid=3FD&contentval=007m7zzzzzzzzzzzzzzzzzzzzzzzzz&datanum=29891&page=9&prev_page=0&listnum=20
173,/_c21_/recent_bbs_read?grpid=1gOL&fldid=8LdU&contentval=000n0zzzzzzzzzzzzzzzzzzzzzzzzz&datanum=3038&page=9&prev_page=0&listnum=20
174,/_c21_/recent_bbs_read?grpid=1gOL&fldid=8LdU&contentval=000mzzzzzzzzzzzzzzzzzzzzzzzzzz&datanum=3037&page=9&prev_page=0&listnum=20
175,/_c21_/recent_bbs_read?grpid=1gOL&fldid=8LdU&contentval=000myzzzzzzzzzzzzzzzzzzzzzzzzz&datanum=3036&page=9&prev_page=0&listnum=20
176,/_c21_/recent_bbs_read?grpid=1gOL&fldid=8LdU&contentval=000mxzzzzzzzzzzzzzzzzzzzzzzzzz&datanum=3035&page=9&prev_page=0&listnum=20
177,/_c21_/recent_bbs_read?grpid=1gOL&fldid=8LdU&contentval=000mwzzzzzzzzzzzzzzzzzzzzzzzzz&datanum=3034&page=9&prev_page=0&listnum=20
178,/_c21_/recent_bbs_read?grpid=1gOL&fldid=KOy1&contentval=000WMzzzzzzzzzzzzzzzzzzzzzzzzz&datanum=2006&page=9&prev_page=0&listnum=20
179,/_c21_/recent_bbs_read?grpid=1gOL&fldid=KOy1&contentval=000WKzzzzzzzzzzzzzzzzzzzzzzzzz&datanum=2004&page=9&prev_page=0&listnum=20
180,/_c21_/recent_bbs_read?grpid=1gOL&fldid=TsU&contentval=000QFzzzzzzzzzzzzzzzzzzzzzzzzz&datanum=1627&page=10&prev_page=0&listnum=20
181,/_c21_/recent_bbs_read?grpid=1gOL&fldid=8LdU&contentval=000mtzzzzzzzzzzzzzzzzzzzzzzzzz&datanum=3031&page=10&prev_page=0&listnum=20
182,/_c21_/recent_bbs_read?grpid=1gOL&fldid=8LdU&contentval=000mszzzzzzzzzzzzzzzzzzzzzzzzz&datanum=3030&page=10&prev_page=0&listnum=20
183,/_c21_/recent_bbs_read?grpid=1gOL&fldid=8LdU&contentval=000mrzzzzzzzzzzzzzzzzzzzzzzzzz&datanum=3029&page=10&prev_page=0&listnum=20
184,/_c21_/recent_bbs_read?grpid=1gOL&fldid=8LdU&contentval=000mqzzzzzzzzzzzzzzzzzzzzzzzzz&datanum=3028&page=10&prev_page=0&listnum=20
185,/_c21_/recent_bbs_read?grpid=1gOL&fldid=8LdU&contentval=000mpzzzzzzzzzzzzzzzzzzzzzzzzz&datanum=3027&page=10&prev_page=0&listnum=20
186,/_c21_/recent_bbs_read?grpid=1gOL&fldid=KOy1&contentval=000WFzzzzzzzzzzzzzzzzzzzzzzzzz&datanum=1999&page=10&prev_page=0&listnum=20
187,/_c21_/recent_bbs_read?grpid=1gOL&fldid=KOy1&contentval=000WDzzzzzzzzzzzzzzzzzzzzzzzzz&datanum=1997&page=10&prev_page=0&listnum=20
188,/_c21_/recent_bbs_read?grpid=1gOL&fldid=3FD&contentval=007lyzzzzzzzzzzzzzzzzzzzzzzzzz&datanum=29882&page=10&prev_page=0&listnum=20
189,/_c21_/recent_bbs_read?grpid=1gOL&fldid=KOy1&contentval=000WCzzzzzzzzzzzzzzzzzzzzzzzzz&datanum=1996&page=10&prev_page=0&listnum=20
190,/_c21_/recent_bbs_read?grpid=1gOL&fldid=8LdU&contentval=000mnzzzzzzzzzzzzzzzzzzzzzzzzz&datanum=3025&page=10&prev_page=0&listnum=20
191,/_c21_/recent_bbs_read?grpid=1gOL&fldid=8LdU&contentval=000mozzzzzzzzzzzzzzzzzzzzzzzzz&datanum=3026&page=10&prev_page=0&listnum=20
192,/_c21_/recent_bbs_read?grpid=1gOL&fldid=8LdU&contentval=000mmzzzzzzzzzzzzzzzzzzzzzzzzz&datanum=3024&page=10&prev_page=0&listnum=20
193,/_c21_/recent_bbs_read?grpid=1gOL&fldid=8LdU&contentval=000mlzzzzzzzzzzzzzzzzzzzzzzzzz&datanum=3023&page=10&prev_page=0&listnum=20
194,/_c21_/recent_bbs_read?grpid=1gOL&fldid=3FD&contentval=007luzzzzzzzzzzzzzzzzzzzzzzzzz&datanum=29878&page=10&prev_page=0&listnum=20
195,/_c21_/recent_bbs_read?grpid=1gOL&fldid=3FD&contentval=007ltzzzzzzzzzzzzzzzzzzzzzzzzz&datanum=29877&page=10&prev_page=0&listnum=20
196,/_c21_/recent_bbs_read?grpid=1gOL&fldid=KOy1&contentval=000W9zzzzzzzzzzzzzzzzzzzzzzzzz&datanum=1993&page=10&prev_page=0&listnum=20
197,/_c21_/recent_bbs_read?grpid=1gOL&fldid=3FD&contentval=007lszzzzzzzzzzzzzzzzzzzzzzzzz&datanum=29876&page=10&prev_page=0&listnum=20
198,/_c21_/recent_bbs_read?grpid=1gOL&fldid=8LdU&contentval=000mkzzzzzzzzzzzzzzzzzzzzzzzzz&datanum=3022&page=10&prev_page=0&listnum=20
199,/_c21_/recent_bbs_read?grpid=1gOL&fldid=8LdU&contentval=000mizzzzzzzzzzzzzzzzzzzzzzzzz&datanum=3020&page=10&prev_page=0&listnum=20
200,/_c21_/recent_bbs_read?grpid=1gOL&fldid=8LdU&contentval=000mhzzzzzzzzzzzzzzzzzzzzzzzzz&datanum=3019&page=11&prev_page=0&listnum=20
201,/_c21_/recent_bbs_read?grpid=1gOL&fldid=8LdU&contentval=000mgzzzzzzzzzzzzzzzzzzzzzzzzz&datanum=3018&page=11&prev_page=0&listnum=20
202,/_c21_/recent_bbs_read?grpid=1gOL&fldid=8LdU&contentval=000mjzzzzzzzzzzzzzzzzzzzzzzzzz&datanum=3021&page=11&prev_page=0&listnum=20
203,/_c21_/recent_bbs_read?grpid=1gOL&fldid=KOy1&contentval=000W6zzzzzzzzzzzzzzzzzzzzzzzzz&datanum=1990&page=11&prev_page=0&listnum=20
204,/_c21_/recent_bbs_read?grpid=1gOL&fldid=3FD&contentval=007lrzzzzzzzzzzzzzzzzzzzzzzzzz&datanum=29875&page=11&prev_page=0&listnum=20
205,/_c21_/recent_bbs_read?grpid=1gOL&fldid=KOy1&contentval=000W5zzzzzzzzzzzzzzzzzzzzzzzzz&datanum=1989&page=11&prev_page=0&listnum=20
206,/_c21_/recent_bbs_read?grpid=1gOL&fldid=3FD&contentval=007lqzzzzzzzzzzzzzzzzzzzzzzzzz&datanum=29874&page=11&prev_page=0&listnum=20
207,/_c21_/recent_bbs_read?grpid=1gOL&fldid=KOy1&contentval=000W4zzzzzzzzzzzzzzzzzzzzzzzzz&datanum=1988&page=11&prev_page=0&listnum=20
208,/_c21_/recent_bbs_read?grpid=1gOL&fldid=KOy1&contentval=000W3zzzzzzzzzzzzzzzzzzzzzzzzz&datanum=1987&page=11&prev_page=0&listnum=20
209,/_c21_/recent_bbs_read?grpid=1gOL&fldid=8LdU&contentval=000mfzzzzzzzzzzzzzzzzzzzzzzzzz&datanum=3017&page=11&prev_page=0&listnum=20
210,/_c21_/recent_bbs_read?grpid=1gOL&fldid=8LdU&contentval=000mezzzzzzzzzzzzzzzzzzzzzzzzz&datanum=3016&page=11&prev_page=0&listnum=20
211,/_c21_/recent_bbs_read?grpid=1gOL&fldid=8LdU&contentval=000mdzzzzzzzzzzzzzzzzzzzzzzzzz&datanum=3015&page=11&prev_page=0&listnum=20
212,/_c21_/recent_bbs_read?grpid=1gOL&fldid=Pfbr&contentval=0001Wzzzzzzzzzzzzzzzzzzzzzzzzz&datanum=94&page=11&prev_page=0&listnum=20
213,/_c21_/recent_bbs_read?grpid=1gOL&fldid=TsU&contentval=000QEzzzzzzzzzzzzzzzzzzzzzzzzz&datanum=1626&page=11&prev_page=0&listnum=20
214,/_c21_/recent_bbs_read?grpid=1gOL&fldid=TsU&contentval=000QDzzzzzzzzzzzzzzzzzzzzzzzzz&datanum=1625&page=11&prev_page=0&listnum=20
215,/_c21_/recent_bbs_read?grpid=1gOL&fldid=PhG5&contentval=00063zzzzzzzzzzzzzzzzzzzzzzzzz&datanum=375&page=11&prev_page=0&listnum=20
216,/_c21_/recent_bbs_read?grpid=1gOL&fldid=KOy1&contentval=000W0zzzzzzzzzzzzzzzzzzzzzzzzz&datanum=1984&page=11&prev_page=0&listnum=20
217,/_c21_/recent_bbs_read?grpid=1gOL&fldid=KOy1&contentval=000Vyzzzzzzzzzzzzzzzzzzzzzzzzz&datanum=1982&page=11&prev_page=0&listnum=20
218,/_c21_/recent_bbs_read?grpid=1gOL&fldid=8LdU&contentval=000mczzzzzzzzzzzzzzzzzzzzzzzzz&datanum=3014&page=11&prev_page=0&listnum=20
219,/_c21_/recent_bbs_read?grpid=1gOL&fldid=KOy1&contentval=000Vxzzzzzzzzzzzzzzzzzzzzzzzzz&datanum=1981&page=11&prev_page=0&listnum=20
220,/_c21_/recent_bbs_read?grpid=1gOL&fldid=PhG5&contentval=00062zzzzzzzzzzzzzzzzzzzzzzzzz&datanum=374&page=12&prev_page=0&listnum=20
221,/_c21_/recent_bbs_read?grpid=1gOL&fldid=8LdU&contentval=000mbzzzzzzzzzzzzzzzzzzzzzzzzz&datanum=3013&page=12&prev_page=0&listnum=20
222,/_c21_/recent_bbs_read?grpid=1gOL&fldid=KOy1&contentval=000Vvzzzzzzzzzzzzzzzzzzzzzzzzz&datanum=1979&page=12&prev_page=0&listnum=20
223,/_c21_/recent_bbs_read?grpid=1gOL&fldid=PhG5&contentval=00061zzzzzzzzzzzzzzzzzzzzzzzzz&datanum=373&page=12&prev_page=0&listnum=20
224,/_c21_/recent_bbs_read?grpid=1gOL&fldid=8LdU&contentval=000mazzzzzzzzzzzzzzzzzzzzzzzzz&datanum=3012&page=12&prev_page=0&listnum=20
225,/_c21_/recent_bbs_read?grpid=1gOL&fldid=KOy1&contentval=000Vtzzzzzzzzzzzzzzzzzzzzzzzzz&datanum=1977&page=12&prev_page=0&listnum=20
226,/_c21_/recent_bbs_read?grpid=1gOL&fldid=3FD&contentval=007lozzzzzzzzzzzzzzzzzzzzzzzzz&datanum=29872&page=12&prev_page=0&listnum=20
227,/_c21_/recent_bbs_read?grpid=1gOL&fldid=8LdU&contentval=000mYzzzzzzzzzzzzzzzzzzzzzzzzz&datanum=3010&page=12&prev_page=0&listnum=20
228,/_c21_/recent_bbs_read?grpid=1gOL&fldid=8LdU&contentval=000mZzzzzzzzzzzzzzzzzzzzzzzzzz&datanum=3011&page=12&prev_page=0&listnum=20
229,/_c21_/recent_bbs_read?grpid=1gOL&fldid=TsU&contentval=000QCzzzzzzzzzzzzzzzzzzzzzzzzz&datanum=1624&page=12&prev_page=0&listnum=20
230,/_c21_/recent_bbs_read?grpid=1gOL&fldid=PhG5&contentval=00060zzzzzzzzzzzzzzzzzzzzzzzzz&datanum=372&page=12&prev_page=0&listnum=20
231,/_c21_/recent_bbs_read?grpid=1gOL&fldid=5wBt&contentval=0004Kzzzzzzzzzzzzzzzzzzzzzzzzz&datanum=268&page=12&prev_page=0&listnum=20
232,/_c21_/recent_bbs_read?grpid=1gOL&fldid=PhG5&contentval=0005zzzzzzzzzzzzzzzzzzzzzzzzzz&datanum=371&page=12&prev_page=0&listnum=20
233,/_c21_/recent_bbs_read?grpid=1gOL&fldid=8LdU&contentval=000mXzzzzzzzzzzzzzzzzzzzzzzzzz&datanum=3009&page=12&prev_page=0&listnum=20
234,/_c21_/recent_bbs_read?grpid=1gOL&fldid=KOy1&contentval=000Vszzzzzzzzzzzzzzzzzzzzzzzzz&datanum=1976&page=12&prev_page=0&listnum=20
235,/_c21_/recent_bbs_read?grpid=1gOL&fldid=PhG5&contentval=0005yzzzzzzzzzzzzzzzzzzzzzzzzz&datanum=370&page=12&prev_page=0&listnum=20
236,/_c21_/recent_bbs_read?grpid=1gOL&fldid=3FD&contentval=007lmzzzzzzzzzzzzzzzzzzzzzzzzz&datanum=29870&page=12&prev_page=0&listnum=20
237,/_c21_/recent_bbs_read?grpid=1gOL&fldid=PhG5&contentval=0005xzzzzzzzzzzzzzzzzzzzzzzzzz&datanum=369&page=12&prev_page=0&listnum=20
238,/_c21_/recent_bbs_read?grpid=1gOL&fldid=8LdU&contentval=000mWzzzzzzzzzzzzzzzzzzzzzzzzz&datanum=3008&page=12&prev_page=0&listnum=20
239,/_c21_/recent_bbs_read?grpid=1gOL&fldid=KOy1&contentval=000Vrzzzzzzzzzzzzzzzzzzzzzzzzz&datanum=1975&page=12&prev_page=0&listnum=20
240,/_c21_/recent_bbs_read?grpid=1gOL&fldid=53Yk&contentval=000HPzzzzzzzzzzzzzzzzzzzzzzzzz&datanum=1079&page=13&prev_page=0&listnum=20
241,/_c21_/recent_bbs_read?grpid=1gOL&fldid=TsU&contentval=000QBzzzzzzzzzzzzzzzzzzzzzzzzz&datanum=1623&page=13&prev_page=0&listnum=20
242,/_c21_/recent_bbs_read?grpid=1gOL&fldid=KOy1&contentval=000Vnzzzzzzzzzzzzzzzzzzzzzzzzz&datanum=1971&page=13&prev_page=0&listnum=20
243,/_c21_/recent_bbs_read?grpid=1gOL&fldid=TsU&contentval=000QAzzzzzzzzzzzzzzzzzzzzzzzzz&datanum=1622&page=13&prev_page=0&listnum=20
244,/_c21_/recent_bbs_read?grpid=1gOL&fldid=3FD&contentval=007llzzzzzzzzzzzzzzzzzzzzzzzzz&datanum=29869&page=13&prev_page=0&listnum=20
245,/_c21_/recent_bbs_read?grpid=1gOL&fldid=3FD&contentval=007lkzzzzzzzzzzzzzzzzzzzzzzzzz&datanum=29868&page=13&prev_page=0&listnum=20
246,/_c21_/recent_bbs_read?grpid=1gOL&fldid=PhG5&contentval=0005wzzzzzzzzzzzzzzzzzzzzzzzzz&datanum=368&page=13&prev_page=0&listnum=20
247,/_c21_/recent_bbs_read?grpid=1gOL&fldid=3FD&contentval=007ljzzzzzzzzzzzzzzzzzzzzzzzzz&datanum=29867&page=13&prev_page=0&listnum=20
248,/_c21_/recent_bbs_read?grpid=1gOL&fldid=KOy1&contentval=000Vkzzzzzzzzzzzzzzzzzzzzzzzzz&datanum=1968&page=13&prev_page=0&listnum=20
249,/_c21_/recent_bbs_read?grpid=1gOL&fldid=KOy1&contentval=000Vjzzzzzzzzzzzzzzzzzzzzzzzzz&datanum=1967&page=13&prev_page=0&listnum=20
250,/_c21_/recent_bbs_read?grpid=1gOL&fldid=8LdU&contentval=000mVzzzzzzzzzzzzzzzzzzzzzzzzz&datanum=3007&page=13&prev_page=0&listnum=20
251,/_c21_/recent_bbs_read?grpid=1gOL&fldid=3FD&contentval=007lizzzzzzzzzzzzzzzzzzzzzzzzz&datanum=29866&page=13&prev_page=0&listnum=20
252,/_c21_/recent_bbs_read?grpid=1gOL&fldid=8LdU&contentval=000mUzzzzzzzzzzzzzzzzzzzzzzzzz&datanum=3006&page=13&prev_page=0&listnum=20
253,/_c21_/recent_bbs_read?grpid=1gOL&fldid=8LdU&contentval=000mTzzzzzzzzzzzzzzzzzzzzzzzzz&datanum=3005&page=13&prev_page=0&listnum=20
254,/_c21_/recent_bbs_read?grpid=1gOL&fldid=8LdU&contentval=000mSzzzzzzzzzzzzzzzzzzzzzzzzz&datanum=3004&page=13&prev_page=0&listnum=20
255,/_c21_/recent_bbs_read?grpid=1gOL&fldid=8LdU&contentval=000mRzzzzzzzzzzzzzzzzzzzzzzzzz&datanum=3003&page=13&prev_page=0&listnum=20
256,/_c21_/recent_bbs_read?grpid=1gOL&fldid=8LdU&contentval=000mQzzzzzzzzzzzzzzzzzzzzzzzzz&datanum=3002&page=13&prev_page=0&listnum=20
257,/_c21_/recent_bbs_read?grpid=1gOL&fldid=8LdU&contentval=000mPzzzzzzzzzzzzzzzzzzzzzzzzz&datanum=3001&page=13&prev_page=0&listnum=20
258,/_c21_/recent_bbs_read?grpid=1gOL&fldid=8LdU&contentval=000mOzzzzzzzzzzzzzzzzzzzzzzzzz&datanum=3000&page=13&prev_page=0&listnum=20
259,/_c21_/recent_bbs_read?grpid=1gOL&fldid=8LdU&contentval=000mNzzzzzzzzzzzzzzzzzzzzzzzzz&datanum=2999&page=13&prev_page=0&listnum=20
260,/_c21_/recent_bbs_read?grpid=1gOL&fldid=8LdU&contentval=000mMzzzzzzzzzzzzzzzzzzzzzzzzz&datanum=2998&page=14&prev_page=0&listnum=20
261,/_c21_/recent_bbs_read?grpid=1gOL&fldid=8LdU&contentval=000mLzzzzzzzzzzzzzzzzzzzzzzzzz&datanum=2997&page=14&prev_page=0&listnum=20
262,/_c21_/recent_bbs_read?grpid=1gOL&fldid=8LdU&contentval=000mKzzzzzzzzzzzzzzzzzzzzzzzzz&datanum=2996&page=14&prev_page=0&listnum=20
263,/_c21_/recent_bbs_read?grpid=1gOL&fldid=8LdU&contentval=000mJzzzzzzzzzzzzzzzzzzzzzzzzz&datanum=2995&page=14&prev_page=0&listnum=20
264,/_c21_/recent_bbs_read?grpid=1gOL&fldid=8LdU&contentval=000mIzzzzzzzzzzzzzzzzzzzzzzzzz&datanum=2994&page=14&prev_page=0&listnum=20
265,/_c21_/recent_bbs_read?grpid=1gOL&fldid=PhG5&contentval=0005uzzzzzzzzzzzzzzzzzzzzzzzzz&datanum=366&page=14&prev_page=0&listnum=20
266,/_c21_/recent_bbs_read?grpid=1gOL&fldid=8LdU&contentval=000mHzzzzzzzzzzzzzzzzzzzzzzzzz&datanum=2993&page=14&prev_page=0&listnum=20
267,/_c21_/recent_bbs_read?grpid=1gOL&fldid=8LdU&contentval=000mGzzzzzzzzzzzzzzzzzzzzzzzzz&datanum=2992&page=14&prev_page=0&listnum=20
268,/_c21_/recent_bbs_read?grpid=1gOL&fldid=KOy1&contentval=000Vfzzzzzzzzzzzzzzzzzzzzzzzzz&datanum=1963&page=14&prev_page=0&listnum=20
269,/_c21_/recent_bbs_read?grpid=1gOL&fldid=8LdU&contentval=000mFzzzzzzzzzzzzzzzzzzzzzzzzz&datanum=2991&page=14&prev_page=0&listnum=20
270,/_c21_/recent_bbs_read?grpid=1gOL&fldid=8LdU&contentval=000mEzzzzzzzzzzzzzzzzzzzzzzzzz&datanum=2990&page=14&prev_page=0&listnum=20
271,/_c21_/recent_bbs_read?grpid=1gOL&fldid=8LdU&contentval=000mDzzzzzzzzzzzzzzzzzzzzzzzzz&datanum=2989&page=14&prev_page=0&listnum=20
272,/_c21_/recent_bbs_read?grpid=1gOL&fldid=3FD&contentval=007lgzzzzzzzzzzzzzzzzzzzzzzzzz&datanum=29864&page=14&prev_page=0&listnum=20
273,/_c21_/recent_bbs_read?grpid=1gOL&fldid=3FD&contentval=007lfzzzzzzzzzzzzzzzzzzzzzzzzz&datanum=29863&page=14&prev_page=0&listnum=20
274,/_c21_/recent_bbs_read?grpid=1gOL&fldid=KOy1&contentval=000Vezzzzzzzzzzzzzzzzzzzzzzzzz&datanum=1962&page=14&prev_page=0&listnum=20
275,/_c21_/recent_bbs_read?grpid=1gOL&fldid=8LdU&contentval=000mCzzzzzzzzzzzzzzzzzzzzzzzzz&datanum=2988&page=14&prev_page=0&listnum=20
276,/_c21_/recent_bbs_read?grpid=1gOL&fldid=3FD&contentval=007ldzzzzzzzzzzzzzzzzzzzzzzzzz&datanum=29861&page=14&prev_page=0&listnum=20
277,/_c21_/recent_bbs_read?grpid=1gOL&fldid=8LdU&contentval=000mBzzzzzzzzzzzzzzzzzzzzzzzzz&datanum=2987&page=14&prev_page=0&listnum=20
278,/_c21_/recent_bbs_read?grpid=1gOL&fldid=3FD&contentval=007lczzzzzzzzzzzzzzzzzzzzzzzzz&datanum=29860&page=14&prev_page=0&listnum=20
279,/_c21_/recent_bbs_read?grpid=1gOL&fldid=KOy1&contentval=000Vbzzzzzzzzzzzzzzzzzzzzzzzzz&datanum=1959&page=14&prev_page=0&listnum=20
280,/_c21_/recent_bbs_read?grpid=1gOL&fldid=8LdU&contentval=000mAzzzzzzzzzzzzzzzzzzzzzzzzz&datanum=2986&page=15&prev_page=0&listnum=20
281,/_c21_/recent_bbs_read?grpid=1gOL&fldid=3FD&contentval=007lbzzzzzzzzzzzzzzzzzzzzzzzzz&datanum=29859&page=15&prev_page=0&listnum=20
282,/_c21_/recent_bbs_read?grpid=1gOL&fldid=3FD&contentval=007lazzzzzzzzzzzzzzzzzzzzzzzzz&datanum=29858&page=15&prev_page=0&listnum=20
283,/_c21_/recent_bbs_read?grpid=1gOL&fldid=3FD&contentval=007lZzzzzzzzzzzzzzzzzzzzzzzzzz&datanum=29857&page=15&prev_page=0&listnum=20
284,/_c21_/recent_bbs_read?grpid=1gOL&fldid=3FD&contentval=007lYzzzzzzzzzzzzzzzzzzzzzzzzz&datanum=29856&page=15&prev_page=0&listnum=20
285,/_c21_/recent_bbs_read?grpid=1gOL&fldid=3FD&contentval=007lXzzzzzzzzzzzzzzzzzzzzzzzzz&datanum=29855&page=15&prev_page=0&listnum=20
286,/_c21_/recent_bbs_read?grpid=1gOL&fldid=3FD&contentval=007lWzzzzzzzzzzzzzzzzzzzzzzzzz&datanum=29854&page=15&prev_page=0&listnum=20
287,/_c21_/recent_bbs_read?grpid=1gOL&fldid=3FD&contentval=007lVzzzzzzzzzzzzzzzzzzzzzzzzz&datanum=29853&page=15&prev_page=0&listnum=20
288,/_c21_/recent_bbs_read?grpid=1gOL&fldid=KOy1&contentval=000VXzzzzzzzzzzzzzzzzzzzzzzzzz&datanum=1955&page=15&prev_page=0&listnum=20
289,/_c21_/recent_bbs_read?grpid=1gOL&fldid=KOy1&contentval=000VWzzzzzzzzzzzzzzzzzzzzzzzzz&datanum=1954&page=15&prev_page=0&listnum=20
290,/_c21_/recent_bbs_read?grpid=1gOL&fldid=8LdU&contentval=000m9zzzzzzzzzzzzzzzzzzzzzzzzz&datanum=2985&page=15&prev_page=0&listnum=20
291,/_c21_/recent_bbs_read?grpid=1gOL&fldid=KOy1&contentval=000VUzzzzzzzzzzzzzzzzzzzzzzzzz&datanum=1952&page=15&prev_page=0&listnum=20
292,/_c21_/recent_bbs_read?grpid=1gOL&fldid=8LdU&contentval=000m8zzzzzzzzzzzzzzzzzzzzzzzzz&datanum=2984&page=15&prev_page=0&listnum=20
293,/_c21_/recent_bbs_read?grpid=1gOL&fldid=8LdU&contentval=000m6zzzzzzzzzzzzzzzzzzzzzzzzz&datanum=2982&page=15&prev_page=0&listnum=20
294,/_c21_/recent_bbs_read?grpid=1gOL&fldid=KOy1&contentval=000VOzzzzzzzzzzzzzzzzzzzzzzzzz&datanum=1946&page=15&prev_page=0&listnum=20
295,/_c21_/recent_bbs_read?grpid=1gOL&fldid=KOy1&contentval=000VNzzzzzzzzzzzzzzzzzzzzzzzzz&datanum=1945&page=15&prev_page=0&listnum=20
296,/_c21_/recent_bbs_read?grpid=1gOL&fldid=8LdU&contentval=000m5zzzzzzzzzzzzzzzzzzzzzzzzz&datanum=2981&page=15&prev_page=0&listnum=20
297,/_c21_/recent_bbs_read?grpid=1gOL&fldid=8LdU&contentval=000m4zzzzzzzzzzzzzzzzzzzzzzzzz&datanum=2980&page=15&prev_page=0&listnum=20
298,/_c21_/recent_bbs_read?grpid=1gOL&fldid=8LdU&contentval=000m3zzzzzzzzzzzzzzzzzzzzzzzzz&datanum=2979&page=15&prev_page=0&listnum=20
299,/_c21_/recent_bbs_read?grpid=1gOL&fldid=8LdU&contentval=000m2zzzzzzzzzzzzzzzzzzzzzzzzz&datanum=2978&page=15&prev_page=0&listnum=20
300,/_c21_/recent_bbs_read?grpid=1gOL&fldid=8LdU&contentval=000m1zzzzzzzzzzzzzzzzzzzzzzzzz&datanum=2977&page=16&prev_page=0&listnum=20
301,/_c21_/recent_bbs_read?grpid=1gOL&fldid=8LdU&contentval=000m0zzzzzzzzzzzzzzzzzzzzzzzzz&datanum=2976&page=16&prev_page=0&listnum=20
302,/_c21_/recent_bbs_read?grpid=1gOL&fldid=8LdU&contentval=000lzzzzzzzzzzzzzzzzzzzzzzzzzz&datanum=2975&page=16&prev_page=0&listnum=20
303,/_c21_/recent_bbs_read?grpid=1gOL&fldid=8LdU&contentval=000lyzzzzzzzzzzzzzzzzzzzzzzzzz&datanum=2974&page=16&prev_page=0&listnum=20
304,/_c21_/recent_bbs_read?grpid=1gOL&fldid=TsU&contentval=000Q9zzzzzzzzzzzzzzzzzzzzzzzzz&datanum=1621&page=16&prev_page=0&listnum=20
305,/_c21_/recent_bbs_read?grpid=1gOL&fldid=8LdU&contentval=000lxzzzzzzzzzzzzzzzzzzzzzzzzz&datanum=2973&page=16&prev_page=0&listnum=20
306,/_c21_/recent_bbs_read?grpid=1gOL&fldid=3FD&contentval=007lUzzzzzzzzzzzzzzzzzzzzzzzzz&datanum=29852&page=16&prev_page=0&listnum=20
307,/_c21_/recent_bbs_read?grpid=1gOL&fldid=TsU&contentval=000Q8zzzzzzzzzzzzzzzzzzzzzzzzz&datanum=1620&page=16&prev_page=0&listnum=20
308,/_c21_/recent_bbs_read?grpid=1gOL&fldid=TsU&contentval=000Q7zzzzzzzzzzzzzzzzzzzzzzzzz&datanum=1619&page=16&prev_page=0&listnum=20
309,/_c21_/recent_bbs_read?grpid=1gOL&fldid=KOy1&contentval=000VIzzzzzzzzzzzzzzzzzzzzzzzzz&datanum=1940&page=16&prev_page=0&listnum=20
310,/_c21_/recent_bbs_read?grpid=1gOL&fldid=TsU&contentval=000Q6zzzzzzzzzzzzzzzzzzzzzzzzz&datanum=1618&page=16&prev_page=0&listnum=20
311,/_c21_/recent_bbs_read?grpid=1gOL&fldid=3FD&contentval=007lTzzzzzzzzzzzzzzzzzzzzzzzzz&datanum=29851&page=16&prev_page=0&listnum=20
312,/_c21_/recent_bbs_read?grpid=1gOL&fldid=TsU&contentval=000Q5zzzzzzzzzzzzzzzzzzzzzzzzz&datanum=1617&page=16&prev_page=0&listnum=20
313,/_c21_/recent_bbs_read?grpid=1gOL&fldid=8LdU&contentval=000lvzzzzzzzzzzzzzzzzzzzzzzzzz&datanum=2971&page=16&prev_page=0&listnum=20
314,/_c21_/recent_bbs_read?grpid=1gOL&fldid=TsU&contentval=000Q4zzzzzzzzzzzzzzzzzzzzzzzzz&datanum=1616&page=16&prev_page=0&listnum=20
315,/_c21_/recent_bbs_read?grpid=1gOL&fldid=8LdU&contentval=000luzzzzzzzzzzzzzzzzzzzzzzzzz&datanum=2970&page=16&prev_page=0&listnum=20
316,/_c21_/recent_bbs_read?grpid=1gOL&fldid=TsU&contentval=000Q3zzzzzzzzzzzzzzzzzzzzzzzzz&datanum=1615&page=16&prev_page=0&listnum=20
317,/_c21_/recent_bbs_read?grpid=1gOL&fldid=3FD&contentval=007lSzzzzzzzzzzzzzzzzzzzzzzzzz&datanum=29850&page=16&prev_page=0&listnum=20
318,/_c21_/recent_bbs_read?grpid=1gOL&fldid=8LdU&contentval=000ltzzzzzzzzzzzzzzzzzzzzzzzzz&datanum=2969&page=16&prev_page=0&listnum=20
319,/_c21_/recent_bbs_read?grpid=1gOL&fldid=TsU&contentval=000Q2zzzzzzzzzzzzzzzzzzzzzzzzz&datanum=1614&page=16&prev_page=0&listnum=20
320,/_c21_/recent_bbs_read?grpid=1gOL&fldid=TsU&contentval=000Q1zzzzzzzzzzzzzzzzzzzzzzzzz&datanum=1613&page=17&prev_page=0&listnum=20
321,/_c21_/recent_bbs_read?grpid=1gOL&fldid=TsU&contentval=000Q0zzzzzzzzzzzzzzzzzzzzzzzzz&datanum=1612&page=17&prev_page=0&listnum=20
322,/_c21_/recent_bbs_read?grpid=1gOL&fldid=KOy1&contentval=000VAzzzzzzzzzzzzzzzzzzzzzzzzz&datanum=1932&page=17&prev_page=0&listnum=20
323,/_c21_/recent_bbs_read?grpid=1gOL&fldid=TsU&contentval=000Pzzzzzzzzzzzzzzzzzzzzzzzzzz&datanum=1611&page=17&prev_page=0&listnum=20
324,/_c21_/recent_bbs_read?grpid=1gOL&fldid=8LdU&contentval=000lszzzzzzzzzzzzzzzzzzzzzzzzz&datanum=2968&page=17&prev_page=0&listnum=20
325,/_c21_/recent_bbs_read?grpid=1gOL&fldid=TsU&contentval=000Pyzzzzzzzzzzzzzzzzzzzzzzzzz&datanum=1610&page=17&prev_page=0&listnum=20
326,/_c21_/recent_bbs_read?grpid=1gOL&fldid=KOy1&contentval=000V8zzzzzzzzzzzzzzzzzzzzzzzzz&datanum=1930&page=17&prev_page=0&listnum=20
327,/_c21_/recent_bbs_read?grpid=1gOL&fldid=8LdU&contentval=000lrzzzzzzzzzzzzzzzzzzzzzzzzz&datanum=2967&page=17&prev_page=0&listnum=20
328,/_c21_/recent_bbs_read?grpid=1gOL&fldid=8LdU&contentval=000lqzzzzzzzzzzzzzzzzzzzzzzzzz&datanum=2966&page=17&prev_page=0&listnum=20
329,/_c21_/recent_bbs_read?grpid=1gOL&fldid=TsU&contentval=000Pxzzzzzzzzzzzzzzzzzzzzzzzzz&datanum=1609&page=17&prev_page=0&listnum=20
330,/_c21_/recent_bbs_read?grpid=1gOL&fldid=KOy1&contentval=000V6zzzzzzzzzzzzzzzzzzzzzzzzz&datanum=1928&page=17&prev_page=0&listnum=20
331,/_c21_/recent_bbs_read?grpid=1gOL&fldid=TsU&contentval=000Pwzzzzzzzzzzzzzzzzzzzzzzzzz&datanum=1608&page=17&prev_page=0&listnum=20
332,/_c21_/recent_bbs_read?grpid=1gOL&fldid=KOy1&contentval=000V3zzzzzzzzzzzzzzzzzzzzzzzzz&datanum=1925&page=17&prev_page=0&listnum=20
333,/_c21_/recent_bbs_read?grpid=1gOL&fldid=TsU&contentval=000Pvzzzzzzzzzzzzzzzzzzzzzzzzz&datanum=1607&page=17&prev_page=0&listnum=20
334,/_c21_/recent_bbs_read?grpid=1gOL&fldid=TsU&contentval=000Puzzzzzzzzzzzzzzzzzzzzzzzzz&datanum=1606&page=17&prev_page=0&listnum=20
335,/_c21_/recent_bbs_read?grpid=1gOL&fldid=3FD&contentval=007lPzzzzzzzzzzzzzzzzzzzzzzzzz&datanum=29847&page=17&prev_page=0&listnum=20
336,/_c21_/recent_bbs_read?grpid=1gOL&fldid=TsU&contentval=000Ptzzzzzzzzzzzzzzzzzzzzzzzzz&datanum=1605&page=17&prev_page=0&listnum=20
337,/_c21_/recent_bbs_read?grpid=1gOL&fldid=DFBh&contentval=00057zzzzzzzzzzzzzzzzzzzzzzzzz&datanum=317&page=17&prev_page=0&listnum=20
338,/_c21_/recent_bbs_read?grpid=1gOL&fldid=TsU&contentval=000Pszzzzzzzzzzzzzzzzzzzzzzzzz&datanum=1604&page=17&prev_page=0&listnum=20
339,/_c21_/recent_bbs_read?grpid=1gOL&fldid=TsU&contentval=000Przzzzzzzzzzzzzzzzzzzzzzzzz&datanum=1603&page=17&prev_page=0&listnum=20
340,/_c21_/recent_bbs_read?grpid=1gOL&fldid=TsU&contentval=000Pqzzzzzzzzzzzzzzzzzzzzzzzzz&datanum=1602&page=18&prev_page=0&listnum=20
341,/_c21_/recent_bbs_read?grpid=1gOL&fldid=PhG5&contentval=0005tzzzzzzzzzzzzzzzzzzzzzzzzz&datanum=365&page=18&prev_page=0&listnum=20
342,/_c21_/recent_bbs_read?grpid=1gOL&fldid=PhG5&contentval=0005szzzzzzzzzzzzzzzzzzzzzzzzz&datanum=364&page=18&prev_page=0&listnum=20
343,/_c21_/recent_bbs_read?grpid=1gOL&fldid=TsU&contentval=000Ppzzzzzzzzzzzzzzzzzzzzzzzzz&datanum=1601&page=18&prev_page=0&listnum=20
344,/_c21_/recent_bbs_read?grpid=1gOL&fldid=KOy1&contentval=000Uxzzzzzzzzzzzzzzzzzzzzzzzzz&datanum=1919&page=18&prev_page=0&listnum=20
345,/_c21_/recent_bbs_read?grpid=1gOL&fldid=KOy1&contentval=000Uwzzzzzzzzzzzzzzzzzzzzzzzzz&datanum=1918&page=18&prev_page=0&listnum=20
346,/_c21_/recent_bbs_read?grpid=1gOL&fldid=TsU&contentval=000Pozzzzzzzzzzzzzzzzzzzzzzzzz&datanum=1600&page=18&prev_page=0&listnum=20
347,/_c21_/recent_bbs_read?grpid=1gOL&fldid=KOy1&contentval=000Uvzzzzzzzzzzzzzzzzzzzzzzzzz&datanum=1917&page=18&prev_page=0&listnum=20
348,/_c21_/recent_bbs_read?grpid=1gOL&fldid=KOy1&contentval=000Utzzzzzzzzzzzzzzzzzzzzzzzzz&datanum=1915&page=18&prev_page=0&listnum=20
349,/_c21_/recent_bbs_read?grpid=1gOL&fldid=8LdU&contentval=000lpzzzzzzzzzzzzzzzzzzzzzzzzz&datanum=2965&page=18&prev_page=0&listnum=20
350,/_c21_/recent_bbs_read?grpid=1gOL&fldid=8LdU&contentval=000lozzzzzzzzzzzzzzzzzzzzzzzzz&datanum=2964&page=18&prev_page=0&listnum=20
351,/_c21_/recent_bbs_read?grpid=1gOL&fldid=8LdU&contentval=000lnzzzzzzzzzzzzzzzzzzzzzzzzz&datanum=2963&page=18&prev_page=0&listnum=20
352,/_c21_/recent_bbs_read?grpid=1gOL&fldid=8LdU&contentval=000lmzzzzzzzzzzzzzzzzzzzzzzzzz&datanum=2962&page=18&prev_page=0&listnum=20
353,/_c21_/recent_bbs_read?grpid=1gOL&fldid=8LdU&contentval=000llzzzzzzzzzzzzzzzzzzzzzzzzz&datanum=2961&page=18&prev_page=0&listnum=20
354,/_c21_/recent_bbs_read?grpid=1gOL&fldid=8LdU&contentval=000lkzzzzzzzzzzzzzzzzzzzzzzzzz&datanum=2960&page=18&prev_page=0&listnum=20
355,/_c21_/recent_bbs_read?grpid=1gOL&fldid=8LdU&contentval=000ljzzzzzzzzzzzzzzzzzzzzzzzzz&datanum=2959&page=18&prev_page=0&listnum=20
356,/_c21_/recent_bbs_read?grpid=1gOL&fldid=8LdU&contentval=000lizzzzzzzzzzzzzzzzzzzzzzzzz&datanum=2958&page=18&prev_page=0&listnum=20
357,/_c21_/recent_bbs_read?grpid=1gOL&fldid=TsU&contentval=000Pnzzzzzzzzzzzzzzzzzzzzzzzzz&datanum=1599&page=18&prev_page=0&listnum=20
358,/_c21_/recent_bbs_read?grpid=1gOL&fldid=TsU&contentval=000Pmzzzzzzzzzzzzzzzzzzzzzzzzz&datanum=1598&page=18&prev_page=0&listnum=20
359,/_c21_/recent_bbs_read?grpid=1gOL&fldid=8LdU&contentval=000lhzzzzzzzzzzzzzzzzzzzzzzzzz&datanum=2957&page=18&prev_page=0&listnum=20
360,/_c21_/recent_bbs_read?grpid=1gOL&fldid=8LdU&contentval=000lgzzzzzzzzzzzzzzzzzzzzzzzzz&datanum=2956&page=19&prev_page=0&listnum=20
361,/_c21_/recent_bbs_read?grpid=1gOL&fldid=KOy1&contentval=000Unzzzzzzzzzzzzzzzzzzzzzzzzz&datanum=1909&page=19&prev_page=0&listnum=20
362,/_c21_/recent_bbs_read?grpid=1gOL&fldid=KOy1&contentval=000Ukzzzzzzzzzzzzzzzzzzzzzzzzz&datanum=1906&page=19&prev_page=0&listnum=20
363,/_c21_/recent_bbs_read?grpid=1gOL&fldid=KOy1&contentval=000Uizzzzzzzzzzzzzzzzzzzzzzzzz&datanum=1904&page=19&prev_page=0&listnum=20
364,/_c21_/recent_bbs_read?grpid=1gOL&fldid=KOy1&contentval=000Uezzzzzzzzzzzzzzzzzzzzzzzzz&datanum=1900&page=19&prev_page=0&listnum=20
365,/_c21_/recent_bbs_read?grpid=1gOL&fldid=KOy1&contentval=000Uczzzzzzzzzzzzzzzzzzzzzzzzz&datanum=1898&page=19&prev_page=0&listnum=20
366,/_c21_/recent_bbs_read?grpid=1gOL&fldid=KOy1&contentval=000Ubzzzzzzzzzzzzzzzzzzzzzzzzz&datanum=1897&page=19&prev_page=0&listnum=20
367,/_c21_/recent_bbs_read?grpid=1gOL&fldid=KOy1&contentval=000Uazzzzzzzzzzzzzzzzzzzzzzzzz&datanum=1896&page=19&prev_page=0&listnum=20
368,/_c21_/recent_bbs_read?grpid=1gOL&fldid=8LdU&contentval=000lfzzzzzzzzzzzzzzzzzzzzzzzzz&datanum=2955&page=19&prev_page=0&listnum=20
369,/_c21_/recent_bbs_read?grpid=1gOL&fldid=3FD&contentval=007lNzzzzzzzzzzzzzzzzzzzzzzzzz&datanum=29845&page=19&prev_page=0&listnum=20
370,/_c21_/recent_bbs_read?grpid=1gOL&fldid=3FD&contentval=007lMzzzzzzzzzzzzzzzzzzzzzzzzz&datanum=29844&page=19&prev_page=0&listnum=20
371,/_c21_/recent_bbs_read?grpid=1gOL&fldid=8LdU&contentval=000lezzzzzzzzzzzzzzzzzzzzzzzzz&datanum=2954&page=19&prev_page=0&listnum=20
372,/_c21_/recent_bbs_read?grpid=1gOL&fldid=8LdU&contentval=000ldzzzzzzzzzzzzzzzzzzzzzzzzz&datanum=2953&page=19&prev_page=0&listnum=20
373,/_c21_/recent_bbs_read?grpid=1gOL&fldid=KOy1&contentval=000UWzzzzzzzzzzzzzzzzzzzzzzzzz&datanum=1892&page=19&prev_page=0&listnum=20
374,/_c21_/recent_bbs_read?grpid=1gOL&fldid=KOy1&contentval=000USzzzzzzzzzzzzzzzzzzzzzzzzz&datanum=1888&page=19&prev_page=0&listnum=20
375,/_c21_/recent_bbs_read?grpid=1gOL&fldid=KOy1&contentval=000UPzzzzzzzzzzzzzzzzzzzzzzzzz&datanum=1885&page=19&prev_page=0&listnum=20
376,/_c21_/recent_bbs_read?grpid=1gOL&fldid=KOy1&contentval=000UOzzzzzzzzzzzzzzzzzzzzzzzzz&datanum=1884&page=19&prev_page=0&listnum=20
377,/_c21_/recent_bbs_read?grpid=1gOL&fldid=8LdU&contentval=000lczzzzzzzzzzzzzzzzzzzzzzzzz&datanum=2952&page=19&prev_page=0&listnum=20
378,/_c21_/recent_bbs_read?grpid=1gOL&fldid=DFBh&contentval=00056zzzzzzzzzzzzzzzzzzzzzzzzz&datanum=316&page=19&prev_page=0&listnum=20
379,/_c21_/recent_bbs_read?grpid=1gOL&fldid=3FD&contentval=007lLzzzzzzzzzzzzzzzzzzzzzzzzz&datanum=29843&page=19&prev_page=0&listnum=20
380,/_c21_/recent_bbs_read?grpid=1gOL&fldid=3FD&contentval=007lKzzzzzzzzzzzzzzzzzzzzzzzzz&datanum=29842&page=20&prev_page=0&listnum=20
381,/_c21_/recent_bbs_read?grpid=1gOL&fldid=8LdU&contentval=000lbzzzzzzzzzzzzzzzzzzzzzzzzz&datanum=2951&page=20&prev_page=0&listnum=20
382,/_c21_/recent_bbs_read?grpid=1gOL&fldid=8LdU&contentval=000lazzzzzzzzzzzzzzzzzzzzzzzzz&datanum=2950&page=20&prev_page=0&listnum=20
383,/_c21_/recent_bbs_read?grpid=1gOL&fldid=KOy1&contentval=000ULzzzzzzzzzzzzzzzzzzzzzzzzz&datanum=1881&page=20&prev_page=0&listnum=20
384,/_c21_/recent_bbs_read?grpid=1gOL&fldid=3FD&contentval=007lJzzzzzzzzzzzzzzzzzzzzzzzzz&datanum=29841&page=20&prev_page=0&listnum=20
385,/_c21_/recent_bbs_read?grpid=1gOL&fldid=3FD&contentval=007lIzzzzzzzzzzzzzzzzzzzzzzzzz&datanum=29840&page=20&prev_page=0&listnum=20
386,/_c21_/recent_bbs_read?grpid=1gOL&fldid=8LdU&contentval=000lZzzzzzzzzzzzzzzzzzzzzzzzzz&datanum=2949&page=20&prev_page=0&listnum=20
387,/_c21_/recent_bbs_read?grpid=1gOL&fldid=8LdU&contentval=000lYzzzzzzzzzzzzzzzzzzzzzzzzz&datanum=2948&page=20&prev_page=0&listnum=20
388,/_c21_/recent_bbs_read?grpid=1gOL&fldid=8LdU&contentval=000lXzzzzzzzzzzzzzzzzzzzzzzzzz&datanum=2947&page=20&prev_page=0&listnum=20
389,/_c21_/recent_bbs_read?grpid=1gOL&fldid=KOy1&contentval=000UDzzzzzzzzzzzzzzzzzzzzzzzzz&datanum=1873&page=20&prev_page=0&listnum=20
390,/_c21_/recent_bbs_read?grpid=1gOL&fldid=KOy1&contentval=000UCzzzzzzzzzzzzzzzzzzzzzzzzz&datanum=1872&page=20&prev_page=0&listnum=20
391,/_c21_/recent_bbs_read?grpid=1gOL&fldid=3FD&contentval=007lHzzzzzzzzzzzzzzzzzzzzzzzzz&datanum=29839&page=20&prev_page=0&listnum=20
392,/_c21_/recent_bbs_read?grpid=1gOL&fldid=KOy1&contentval=000UAzzzzzzzzzzzzzzzzzzzzzzzzz&datanum=1870&page=20&prev_page=0&listnum=20
393,/_c21_/recent_bbs_read?grpid=1gOL&fldid=3FD&contentval=007lGzzzzzzzzzzzzzzzzzzzzzzzzz&datanum=29838&page=20&prev_page=0&listnum=20
394,/_c21_/recent_bbs_read?grpid=1gOL&fldid=53Yk&contentval=000HOzzzzzzzzzzzzzzzzzzzzzzzzz&datanum=1078&page=20&prev_page=0&listnum=20
395,/_c21_/recent_bbs_read?grpid=1gOL&fldid=3FD&contentval=007lEzzzzzzzzzzzzzzzzzzzzzzzzz&datanum=29836&page=20&prev_page=0&listnum=20
396,/_c21_/recent_bbs_read?grpid=1gOL&fldid=KOy1&contentval=000U6zzzzzzzzzzzzzzzzzzzzzzzzz&datanum=1866&page=20&prev_page=0&listnum=20
397,/_c21_/recent_bbs_read?grpid=1gOL&fldid=3FD&contentval=007lBzzzzzzzzzzzzzzzzzzzzzzzzz&datanum=29833&page=20&prev_page=0&listnum=20
398,/_c21_/recent_bbs_read?grpid=1gOL&fldid=KOy1&contentval=000U4zzzzzzzzzzzzzzzzzzzzzzzzz&datanum=1864&page=20&prev_page=0&listnum=20
399,/_c21_/recent_bbs_read?grpid=1gOL&fldid=TsU&contentval=000Plzzzzzzzzzzzzzzzzzzzzzzzzz&datanum=1597&page=20&prev_page=0&listnum=20
400,/_c21_/recent_bbs_read?grpid=1gOL&fldid=8LdU&contentval=000lWzzzzzzzzzzzzzzzzzzzzzzzzz&datanum=2946&page=21&prev_page=0&listnum=20
401,/_c21_/recent_bbs_read?grpid=1gOL&fldid=8LdU&contentval=000lVzzzzzzzzzzzzzzzzzzzzzzzzz&datanum=2945&page=21&prev_page=0&listnum=20
402,/_c21_/recent_bbs_read?grpid=1gOL&fldid=3FD&contentval=007lAzzzzzzzzzzzzzzzzzzzzzzzzz&datanum=29832&page=21&prev_page=0&listnum=20
403,/_c21_/recent_bbs_read?grpid=1gOL&fldid=KOy1&contentval=000U2zzzzzzzzzzzzzzzzzzzzzzzzz&datanum=1862&page=21&prev_page=0&listnum=20
404,/_c21_/recent_bbs_read?grpid=1gOL&fldid=KOy1&contentval=000Tzzzzzzzzzzzzzzzzzzzzzzzzzz&datanum=1859&page=21&prev_page=0&listnum=20
405,/_c21_/recent_bbs_read?grpid=1gOL&fldid=8LdU&contentval=000lUzzzzzzzzzzzzzzzzzzzzzzzzz&datanum=2944&page=21&prev_page=0&listnum=20
406,/_c21_/recent_bbs_read?grpid=1gOL&fldid=KOy1&contentval=000Twzzzzzzzzzzzzzzzzzzzzzzzzz&datanum=1856&page=21&prev_page=0&listnum=20
407,/_c21_/recent_bbs_read?grpid=1gOL&fldid=DFBh&contentval=00055zzzzzzzzzzzzzzzzzzzzzzzzz&datanum=315&page=21&prev_page=0&listnum=20
408,/_c21_/recent_bbs_read?grpid=1gOL&fldid=3FD&contentval=007l9zzzzzzzzzzzzzzzzzzzzzzzzz&datanum=29831&page=21&prev_page=0&listnum=20
409,/_c21_/recent_bbs_read?grpid=1gOL&fldid=3FD&contentval=007l8zzzzzzzzzzzzzzzzzzzzzzzzz&datanum=29830&page=21&prev_page=0&listnum=20
410,/_c21_/recent_bbs_read?grpid=1gOL&fldid=3FD&contentval=007l7zzzzzzzzzzzzzzzzzzzzzzzzz&datanum=29829&page=21&prev_page=0&listnum=20
411,/_c21_/recent_bbs_read?grpid=1gOL&fldid=3FD&contentval=007l6zzzzzzzzzzzzzzzzzzzzzzzzz&datanum=29828&page=21&prev_page=0&listnum=20
412,/_c21_/recent_bbs_read?grpid=1gOL&fldid=Pfbr&contentval=0001Vzzzzzzzzzzzzzzzzzzzzzzzzz&datanum=93&page=21&prev_page=0&listnum=20
413,/_c21_/recent_bbs_read?grpid=1gOL&fldid=8LdU&contentval=000lDzzzzzzzzzzzzzzzzzzzzzzzzz&datanum=2927&page=21&prev_page=0&listnum=20
414,/_c21_/recent_bbs_read?grpid=1gOL&fldid=8LdU&contentval=000lCzzzzzzzzzzzzzzzzzzzzzzzzz&datanum=2926&page=21&prev_page=0&listnum=20
415,/_c21_/recent_bbs_read?grpid=1gOL&fldid=KOy1&contentval=000Tpzzzzzzzzzzzzzzzzzzzzzzzzz&datanum=1849&page=21&prev_page=0&listnum=20
416,/_c21_/recent_bbs_read?grpid=1gOL&fldid=8LdU&contentval=000lBzzzzzzzzzzzzzzzzzzzzzzzzz&datanum=2925&page=21&prev_page=0&listnum=20
417,/_c21_/recent_bbs_read?grpid=1gOL&fldid=3FD&contentval=007l5zzzzzzzzzzzzzzzzzzzzzzzzz&datanum=29827&page=21&prev_page=0&listnum=20
418,/_c21_/recent_bbs_read?grpid=1gOL&fldid=DFBh&contentval=00054zzzzzzzzzzzzzzzzzzzzzzzzz&datanum=314&page=21&prev_page=0&listnum=20
419,/_c21_/recent_bbs_read?grpid=1gOL&fldid=3FD&contentval=007l4zzzzzzzzzzzzzzzzzzzzzzzzz&datanum=29826&page=21&prev_page=0&listnum=20
420,/_c21_/recent_bbs_read?grpid=1gOL&fldid=3FD&contentval=007l3zzzzzzzzzzzzzzzzzzzzzzzzz&datanum=29825&page=22&prev_page=0&listnum=20
421,/_c21_/recent_bbs_read?grpid=1gOL&fldid=DFBh&contentval=00053zzzzzzzzzzzzzzzzzzzzzzzzz&datanum=313&page=22&prev_page=0&listnum=20
422,/_c21_/recent_bbs_read?grpid=1gOL&fldid=PhG5&contentval=0005rzzzzzzzzzzzzzzzzzzzzzzzzz&datanum=363&page=22&prev_page=0&listnum=20
423,/_c21_/recent_bbs_read?grpid=1gOL&fldid=3FD&contentval=007l2zzzzzzzzzzzzzzzzzzzzzzzzz&datanum=29824&page=22&prev_page=0&listnum=20
424,/_c21_/recent_bbs_read?grpid=1gOL&fldid=KOy1&contentval=000Tjzzzzzzzzzzzzzzzzzzzzzzzzz&datanum=1843&page=22&prev_page=0&listnum=20
425,/_c21_/recent_bbs_read?grpid=1gOL&fldid=DFBh&contentval=00052zzzzzzzzzzzzzzzzzzzzzzzzz&datanum=312&page=22&prev_page=0&listnum=20
426,/_c21_/recent_bbs_read?grpid=1gOL&fldid=Pfbr&contentval=0001T0001Uzzzzzzzzzzzzzzzzzzzz&datanum=92&page=22&prev_page=0&listnum=20
427,/_c21_/recent_bbs_read?grpid=1gOL&fldid=8LdU&contentval=000lAzzzzzzzzzzzzzzzzzzzzzzzzz&datanum=2924&page=22&prev_page=0&listnum=20
428,/_c21_/recent_bbs_read?grpid=1gOL&fldid=KOy1&contentval=000Tgzzzzzzzzzzzzzzzzzzzzzzzzz&datanum=1840&page=22&prev_page=0&listnum=20
429,/_c21_/recent_bbs_read?grpid=1gOL&fldid=Pfbr&contentval=0001Tzzzzzzzzzzzzzzzzzzzzzzzzz&datanum=91&page=22&prev_page=0&listnum=20
430,/_c21_/recent_bbs_read?grpid=1gOL&fldid=PhG5&contentval=0005qzzzzzzzzzzzzzzzzzzzzzzzzz&datanum=362&page=22&prev_page=0&listnum=20
431,/_c21_/recent_bbs_read?grpid=1gOL&fldid=DFBh&contentval=00051zzzzzzzzzzzzzzzzzzzzzzzzz&datanum=311&page=22&prev_page=0&listnum=20
432,/_c21_/recent_bbs_read?grpid=1gOL&fldid=KOy1&contentval=000Tbzzzzzzzzzzzzzzzzzzzzzzzzz&datanum=1835&page=22&prev_page=0&listnum=20
433,/_c21_/recent_bbs_read?grpid=1gOL&fldid=PhG5&contentval=0005pzzzzzzzzzzzzzzzzzzzzzzzzz&datanum=361&page=22&prev_page=0&listnum=20
434,/_c21_/recent_bbs_read?grpid=1gOL&fldid=8LdU&contentval=000l9zzzzzzzzzzzzzzzzzzzzzzzzz&datanum=2923&page=22&prev_page=0&listnum=20
435,/_c21_/recent_bbs_read?grpid=1gOL&fldid=8LdU&contentval=000l8zzzzzzzzzzzzzzzzzzzzzzzzz&datanum=2922&page=22&prev_page=0&listnum=20
436,/_c21_/recent_bbs_read?grpid=1gOL&fldid=KOy1&contentval=000TZzzzzzzzzzzzzzzzzzzzzzzzzz&datanum=1833&page=22&prev_page=0&listnum=20
437,/_c21_/recent_bbs_read?grpid=1gOL&fldid=8LdU&contentval=000l6zzzzzzzzzzzzzzzzzzzzzzzzz&datanum=2920&page=22&prev_page=0&listnum=20
438,/_c21_/recent_bbs_read?grpid=1gOL&fldid=8LdU&contentval=000l5zzzzzzzzzzzzzzzzzzzzzzzzz&datanum=2919&page=22&prev_page=0&listnum=20
439,/_c21_/recent_bbs_read?grpid=1gOL&fldid=8LdU&contentval=000l4zzzzzzzzzzzzzzzzzzzzzzzzz&datanum=2918&page=22&prev_page=0&listnum=20
440,/_c21_/recent_bbs_read?grpid=1gOL&fldid=PhG5&contentval=0005ozzzzzzzzzzzzzzzzzzzzzzzzz&datanum=360&page=23&prev_page=0&listnum=20
441,/_c21_/recent_bbs_read?grpid=1gOL&fldid=8LdU&contentval=000l3zzzzzzzzzzzzzzzzzzzzzzzzz&datanum=2917&page=23&prev_page=0&listnum=20
442,/_c21_/recent_bbs_read?grpid=1gOL&fldid=8LdU&contentval=000l2zzzzzzzzzzzzzzzzzzzzzzzzz&datanum=2916&page=23&prev_page=0&listnum=20
443,/_c21_/recent_bbs_read?grpid=1gOL&fldid=DFBh&contentval=00050zzzzzzzzzzzzzzzzzzzzzzzzz&datanum=310&page=23&prev_page=0&listnum=20
444,/_c21_/recent_bbs_read?grpid=1gOL&fldid=8LdU&contentval=000l1zzzzzzzzzzzzzzzzzzzzzzzzz&datanum=2915&page=23&prev_page=0&listnum=20
445,/_c21_/recent_bbs_read?grpid=1gOL&fldid=KOy1&contentval=000TUzzzzzzzzzzzzzzzzzzzzzzzzz&datanum=1828&page=23&prev_page=0&listnum=20
446,/_c21_/recent_bbs_read?grpid=1gOL&fldid=KOy1&contentval=000TRzzzzzzzzzzzzzzzzzzzzzzzzz&datanum=1825&page=23&prev_page=0&listnum=20
447,/_c21_/recent_bbs_read?grpid=1gOL&fldid=KOy1&contentval=000TQzzzzzzzzzzzzzzzzzzzzzzzzz&datanum=1824&page=23&prev_page=0&listnum=20
448,/_c21_/recent_bbs_read?grpid=1gOL&fldid=8LdU&contentval=000l0zzzzzzzzzzzzzzzzzzzzzzzzz&datanum=2914&page=23&prev_page=0&listnum=20
449,/_c21_/recent_bbs_read?grpid=1gOL&fldid=TsU&contentval=000Pkzzzzzzzzzzzzzzzzzzzzzzzzz&datanum=1596&page=23&prev_page=0&listnum=20
450,/_c21_/recent_bbs_read?grpid=1gOL&fldid=3FD&contentval=007l0zzzzzzzzzzzzzzzzzzzzzzzzz&datanum=29822&page=23&prev_page=0&listnum=20
451,/_c21_/recent_bbs_read?grpid=1gOL&fldid=3FD&contentval=007kzzzzzzzzzzzzzzzzzzzzzzzzzz&datanum=29821&page=23&prev_page=0&listnum=20
452,/_c21_/recent_bbs_read?grpid=1gOL&fldid=3FD&contentval=007kxzzzzzzzzzzzzzzzzzzzzzzzzz&datanum=29819&page=23&prev_page=0&listnum=20
453,/_c21_/recent_bbs_read?grpid=1gOL&fldid=8LdU&contentval=000kzzzzzzzzzzzzzzzzzzzzzzzzzz&datanum=2913&page=23&prev_page=0&listnum=20
454,/_c21_/recent_bbs_read?grpid=1gOL&fldid=DFBh&contentval=0004zzzzzzzzzzzzzzzzzzzzzzzzzz&datanum=309&page=23&prev_page=0&listnum=20
455,/_c21_/recent_bbs_read?grpid=1gOL&fldid=8LdU&contentval=000kyzzzzzzzzzzzzzzzzzzzzzzzzz&datanum=2912&page=23&prev_page=0&listnum=20
456,/_c21_/recent_bbs_read?grpid=1gOL&fldid=8LdU&contentval=000kxzzzzzzzzzzzzzzzzzzzzzzzzz&datanum=2911&page=23&prev_page=0&listnum=20
457,/_c21_/recent_bbs_read?grpid=1gOL&fldid=8LdU&contentval=000kwzzzzzzzzzzzzzzzzzzzzzzzzz&datanum=2910&page=23&prev_page=0&listnum=20
458,/_c21_/recent_bbs_read?grpid=1gOL&fldid=8LdU&contentval=000kvzzzzzzzzzzzzzzzzzzzzzzzzz&datanum=2909&page=23&prev_page=0&listnum=20
459,/_c21_/recent_bbs_read?grpid=1gOL&fldid=8LdU&contentval=000kuzzzzzzzzzzzzzzzzzzzzzzzzz&datanum=2908&page=23&prev_page=0&listnum=20
460,/_c21_/recent_bbs_read?grpid=1gOL&fldid=8LdU&contentval=000ktzzzzzzzzzzzzzzzzzzzzzzzzz&datanum=2907&page=24&prev_page=0&listnum=20
461,/_c21_/recent_bbs_read?grpid=1gOL&fldid=3FD&contentval=007kwzzzzzzzzzzzzzzzzzzzzzzzzz&datanum=29818&page=24&prev_page=0&listnum=20
462,/_c21_/recent_bbs_read?grpid=1gOL&fldid=3FD&contentval=007kvzzzzzzzzzzzzzzzzzzzzzzzzz&datanum=29817&page=24&prev_page=0&listnum=20
463,/_c21_/recent_bbs_read?grpid=1gOL&fldid=KOy1&contentval=000TLzzzzzzzzzzzzzzzzzzzzzzzzz&datanum=1819&page=24&prev_page=0&listnum=20
464,/_c21_/recent_bbs_read?grpid=1gOL&fldid=DFBh&contentval=0004yzzzzzzzzzzzzzzzzzzzzzzzzz&datanum=308&page=24&prev_page=0&listnum=20
465,/_c21_/recent_bbs_read?grpid=1gOL&fldid=58Ws&contentval=000Jnzzzzzzzzzzzzzzzzzzzzzzzzz&datanum=1227&page=24&prev_page=0&listnum=20
466,/_c21_/recent_bbs_read?grpid=1gOL&fldid=3FD&contentval=007kuzzzzzzzzzzzzzzzzzzzzzzzzz&datanum=29816&page=24&prev_page=0&listnum=20
467,/_c21_/recent_bbs_read?grpid=1gOL&fldid=8LdU&contentval=000kszzzzzzzzzzzzzzzzzzzzzzzzz&datanum=2906&page=24&prev_page=0&listnum=20
468,/_c21_/recent_bbs_read?grpid=1gOL&fldid=53Yk&contentval=000HNzzzzzzzzzzzzzzzzzzzzzzzzz&datanum=1077&page=24&prev_page=0&listnum=20
469,/_c21_/recent_bbs_read?grpid=1gOL&fldid=KOy1&contentval=000TIzzzzzzzzzzzzzzzzzzzzzzzzz&datanum=1816&page=24&prev_page=0&listnum=20
470,/_c21_/recent_bbs_read?grpid=1gOL&fldid=KOy1&contentval=000THzzzzzzzzzzzzzzzzzzzzzzzzz&datanum=1815&page=24&prev_page=0&listnum=20
471,/_c21_/recent_bbs_read?grpid=1gOL&fldid=3FD&contentval=007ktzzzzzzzzzzzzzzzzzzzzzzzzz&datanum=29815&page=24&prev_page=0&listnum=20
472,/_c21_/recent_bbs_read?grpid=1gOL&fldid=3FD&contentval=007kszzzzzzzzzzzzzzzzzzzzzzzzz&datanum=29814&page=24&prev_page=0&listnum=20
473,/_c21_/recent_bbs_read?grpid=1gOL&fldid=KOy1&contentval=000TEzzzzzzzzzzzzzzzzzzzzzzzzz&datanum=1812&page=24&prev_page=0&listnum=20
474,/_c21_/recent_bbs_read?grpid=1gOL&fldid=KOy1&contentval=000TBzzzzzzzzzzzzzzzzzzzzzzzzz&datanum=1809&page=24&prev_page=0&listnum=20
475,/_c21_/recent_bbs_read?grpid=1gOL&fldid=KOy1&contentval=000TAzzzzzzzzzzzzzzzzzzzzzzzzz&datanum=1808&page=24&prev_page=0&listnum=20
476,/_c21_/recent_bbs_read?grpid=1gOL&fldid=3FD&contentval=007kqzzzzzzzzzzzzzzzzzzzzzzzzz&datanum=29812&page=24&prev_page=0&listnum=20
477,/_c21_/recent_bbs_read?grpid=1gOL&fldid=8LdU&contentval=000krzzzzzzzzzzzzzzzzzzzzzzzzz&datanum=2905&page=24&prev_page=0&listnum=20
478,/_c21_/recent_bbs_read?grpid=1gOL&fldid=8LdU&contentval=000kqzzzzzzzzzzzzzzzzzzzzzzzzz&datanum=2904&page=24&prev_page=0&listnum=20
479,/_c21_/recent_bbs_read?grpid=1gOL&fldid=8LdU&contentval=000kpzzzzzzzzzzzzzzzzzzzzzzzzz&datanum=2903&page=24&prev_page=0&listnum=20
480,/_c21_/recent_bbs_read?grpid=1gOL&fldid=KOy1&contentval=000T8zzzzzzzzzzzzzzzzzzzzzzzzz&datanum=1806&page=25&prev_page=0&listnum=20
481,/_c21_/recent_bbs_read?grpid=1gOL&fldid=8LdU&contentval=000kozzzzzzzzzzzzzzzzzzzzzzzzz&datanum=2902&page=25&prev_page=0&listnum=20
482,/_c21_/recent_bbs_read?grpid=1gOL&fldid=DFBh&contentval=0004xzzzzzzzzzzzzzzzzzzzzzzzzz&datanum=307&page=25&prev_page=0&listnum=20
483,/_c21_/recent_bbs_read?grpid=1gOL&fldid=8LdU&contentval=000knzzzzzzzzzzzzzzzzzzzzzzzzz&datanum=2901&page=25&prev_page=0&listnum=20
484,/_c21_/recent_bbs_read?grpid=1gOL&fldid=8LdU&contentval=000kmzzzzzzzzzzzzzzzzzzzzzzzzz&datanum=2900&page=25&prev_page=0&listnum=20
485,/_c21_/recent_bbs_read?grpid=1gOL&fldid=8LdU&contentval=000klzzzzzzzzzzzzzzzzzzzzzzzzz&datanum=2899&page=25&prev_page=0&listnum=20
486,/_c21_/recent_bbs_read?grpid=1gOL&fldid=8LdU&contentval=000kkzzzzzzzzzzzzzzzzzzzzzzzzz&datanum=2898&page=25&prev_page=0&listnum=20
487,/_c21_/recent_bbs_read?grpid=1gOL&fldid=8LdU&contentval=000kjzzzzzzzzzzzzzzzzzzzzzzzzz&datanum=2897&page=25&prev_page=0&listnum=20
488,/_c21_/recent_bbs_read?grpid=1gOL&fldid=8LdU&contentval=000kizzzzzzzzzzzzzzzzzzzzzzzzz&datanum=2896&page=25&prev_page=0&listnum=20
489,/_c21_/recent_bbs_read?grpid=1gOL&fldid=3FD&contentval=007kpzzzzzzzzzzzzzzzzzzzzzzzzz&datanum=29811&page=25&prev_page=0&listnum=20
490,/_c21_/recent_bbs_read?grpid=1gOL&fldid=KOy1&contentval=000T7zzzzzzzzzzzzzzzzzzzzzzzzz&datanum=1805&page=25&prev_page=0&listnum=20
491,/_c21_/recent_bbs_read?grpid=1gOL&fldid=8LdU&contentval=000khzzzzzzzzzzzzzzzzzzzzzzzzz&datanum=2895&page=25&prev_page=0&listnum=20
492,/_c21_/recent_bbs_read?grpid=1gOL&fldid=8LdU&contentval=000kgzzzzzzzzzzzzzzzzzzzzzzzzz&datanum=2894&page=25&prev_page=0&listnum=20
493,/_c21_/recent_bbs_read?grpid=1gOL&fldid=3FD&contentval=007kozzzzzzzzzzzzzzzzzzzzzzzzz&datanum=29810&page=25&prev_page=0&listnum=20
494,/_c21_/recent_bbs_read?grpid=1gOL&fldid=3FD&contentval=007knzzzzzzzzzzzzzzzzzzzzzzzzz&datanum=29809&page=25&prev_page=0&listnum=20
495,/_c21_/recent_bbs_read?grpid=1gOL&fldid=58Ws&contentval=000Jmzzzzzzzzzzzzzzzzzzzzzzzzz&datanum=1226&page=25&prev_page=0&listnum=20
496,/_c21_/recent_bbs_read?grpid=1gOL&fldid=RLdT&contentval=0000Bzzzzzzzzzzzzzzzzzzzzzzzzz&datanum=11&page=25&prev_page=0&listnum=20
497,/_c21_/recent_bbs_read?grpid=1gOL&fldid=3FD&contentval=007kmzzzzzzzzzzzzzzzzzzzzzzzzz&datanum=29808&page=25&prev_page=0&listnum=20
498,/_c21_/recent_bbs_read?grpid=1gOL&fldid=3FD&contentval=007klzzzzzzzzzzzzzzzzzzzzzzzzz&datanum=29807&page=25&prev_page=0&listnum=20
499,/_c21_/recent_bbs_read?grpid=1gOL&fldid=PhG5&contentval=0005nzzzzzzzzzzzzzzzzzzzzzzzzz&datanum=359&page=25&prev_page=0&listnum=20
500,/_c21_/recent_bbs_read?grpid=1gOL&fldid=3FD&contentval=007kkzzzzzzzzzzzzzzzzzzzzzzzzz&datanum=29806&page=26&prev_page=0&listnum=20
501,/_c21_/recent_bbs_read?grpid=1gOL&fldid=DFBh&contentval=0004wzzzzzzzzzzzzzzzzzzzzzzzzz&datanum=306&page=26&prev_page=0&listnum=20
502,/_c21_/recent_bbs_read?grpid=1gOL&fldid=3FD&contentval=007kjzzzzzzzzzzzzzzzzzzzzzzzzz&datanum=29805&page=26&prev_page=0&listnum=20
503,/_c21_/recent_bbs_read?grpid=1gOL&fldid=KOy1&contentval=000T3zzzzzzzzzzzzzzzzzzzzzzzzz&datanum=1801&page=26&prev_page=0&listnum=20
504,/_c21_/recent_bbs_read?grpid=1gOL&fldid=KOy1&contentval=000T2zzzzzzzzzzzzzzzzzzzzzzzzz&datanum=1800&page=26&prev_page=0&listnum=20
505,/_c21_/recent_bbs_read?grpid=1gOL&fldid=8LdU&contentval=000kfzzzzzzzzzzzzzzzzzzzzzzzzz&datanum=2893&page=26&prev_page=0&listnum=20
506,/_c21_/recent_bbs_read?grpid=1gOL&fldid=8LdU&contentval=000kezzzzzzzzzzzzzzzzzzzzzzzzz&datanum=2892&page=26&prev_page=0&listnum=20
507,/_c21_/recent_bbs_read?grpid=1gOL&fldid=KOy1&contentval=000Szzzzzzzzzzzzzzzzzzzzzzzzzz&datanum=1797&page=26&prev_page=0&listnum=20
508,/_c21_/recent_bbs_read?grpid=1gOL&fldid=8LdU&contentval=000kdzzzzzzzzzzzzzzzzzzzzzzzzz&datanum=2891&page=26&prev_page=0&listnum=20
509,/_c21_/recent_bbs_read?grpid=1gOL&fldid=KOy1&contentval=000Syzzzzzzzzzzzzzzzzzzzzzzzzz&datanum=1796&page=26&prev_page=0&listnum=20
510,/_c21_/recent_bbs_read?grpid=1gOL&fldid=DFBh&contentval=0004vzzzzzzzzzzzzzzzzzzzzzzzzz&datanum=305&page=26&prev_page=0&listnum=20
511,/_c21_/recent_bbs_read?grpid=1gOL&fldid=KOy1&contentval=000Sxzzzzzzzzzzzzzzzzzzzzzzzzz&datanum=1795&page=26&prev_page=0&listnum=20
512,/_c21_/recent_bbs_read?grpid=1gOL&fldid=DFBh&contentval=0004uzzzzzzzzzzzzzzzzzzzzzzzzz&datanum=304&page=26&prev_page=0&listnum=20
513,/_c21_/recent_bbs_read?grpid=1gOL&fldid=3FD&contentval=007khzzzzzzzzzzzzzzzzzzzzzzzzz&datanum=29803&page=26&prev_page=0&listnum=20
514,/_c21_/recent_bbs_read?grpid=1gOL&fldid=RHSh&contentval=0000dzzzzzzzzzzzzzzzzzzzzzzzzz&datanum=39&page=26&prev_page=0&listnum=20
515,/_c21_/recent_bbs_read?grpid=1gOL&fldid=8LdU&contentval=000kczzzzzzzzzzzzzzzzzzzzzzzzz&datanum=2890&page=26&prev_page=0&listnum=20
516,/_c21_/recent_bbs_read?grpid=1gOL&fldid=KOy1&contentval=000Svzzzzzzzzzzzzzzzzzzzzzzzzz&datanum=1793&page=26&prev_page=0&listnum=20
517,/_c21_/recent_bbs_read?grpid=1gOL&fldid=3FD&contentval=007kfzzzzzzzzzzzzzzzzzzzzzzzzz&datanum=29801&page=26&prev_page=0&listnum=20
518,/_c21_/recent_bbs_read?grpid=1gOL&fldid=PhG5&contentval=0005lzzzzzzzzzzzzzzzzzzzzzzzzz&datanum=357&page=26&prev_page=0&listnum=20
519,/_c21_/recent_bbs_read?grpid=1gOL&fldid=DFBh&contentval=0004tzzzzzzzzzzzzzzzzzzzzzzzzz&datanum=303&page=26&prev_page=0&listnum=20
520,/_c21_/recent_bbs_read?grpid=1gOL&fldid=8LdU&contentval=000kbzzzzzzzzzzzzzzzzzzzzzzzzz&datanum=2889&page=27&prev_page=0&listnum=20
521,/_c21_/recent_bbs_read?grpid=1gOL&fldid=KOy1&contentval=000Sszzzzzzzzzzzzzzzzzzzzzzzzz&datanum=1790&page=27&prev_page=0&listnum=20
522,/_c21_/recent_bbs_read?grpid=1gOL&fldid=KOy1&contentval=000Srzzzzzzzzzzzzzzzzzzzzzzzzz&datanum=1789&page=27&prev_page=0&listnum=20
523,/_c21_/recent_bbs_read?grpid=1gOL&fldid=8LdU&contentval=000kazzzzzzzzzzzzzzzzzzzzzzzzz&datanum=2888&page=27&prev_page=0&listnum=20
524,/_c21_/recent_bbs_read?grpid=1gOL&fldid=KOy1&contentval=000Sqzzzzzzzzzzzzzzzzzzzzzzzzz&datanum=1788&page=27&prev_page=0&listnum=20
525,/_c21_/recent_bbs_read?grpid=1gOL&fldid=KOy1&contentval=000Snzzzzzzzzzzzzzzzzzzzzzzzzz&datanum=1785&page=27&prev_page=0&listnum=20
526,/_c21_/recent_bbs_read?grpid=1gOL&fldid=8LdU&contentval=000kZzzzzzzzzzzzzzzzzzzzzzzzzz&datanum=2887&page=27&prev_page=0&listnum=20
527,/_c21_/recent_bbs_read?grpid=1gOL&fldid=Pfbr&contentval=0001Szzzzzzzzzzzzzzzzzzzzzzzzz&datanum=90&page=27&prev_page=0&listnum=20
528,/_c21_/recent_bbs_read?grpid=1gOL&fldid=8LdU&contentval=000kYzzzzzzzzzzzzzzzzzzzzzzzzz&datanum=2886&page=27&prev_page=0&listnum=20
529,/_c21_/recent_bbs_read?grpid=1gOL&fldid=8LdU&contentval=000kXzzzzzzzzzzzzzzzzzzzzzzzzz&datanum=2885&page=27&prev_page=0&listnum=20
530,/_c21_/recent_bbs_read?grpid=1gOL&fldid=8LdU&contentval=000kWzzzzzzzzzzzzzzzzzzzzzzzzz&datanum=2884&page=27&prev_page=0&listnum=20
531,/_c21_/recent_bbs_read?grpid=1gOL&fldid=KOy1&contentval=000Slzzzzzzzzzzzzzzzzzzzzzzzzz&datanum=1783&page=27&prev_page=0&listnum=20
532,/_c21_/recent_bbs_read?grpid=1gOL&fldid=8LdU&contentval=000kVzzzzzzzzzzzzzzzzzzzzzzzzz&datanum=2883&page=27&prev_page=0&listnum=20
533,/_c21_/recent_bbs_read?grpid=1gOL&fldid=8LdU&contentval=000kUzzzzzzzzzzzzzzzzzzzzzzzzz&datanum=2882&page=27&prev_page=0&listnum=20
534,/_c21_/recent_bbs_read?grpid=1gOL&fldid=KOy1&contentval=000Skzzzzzzzzzzzzzzzzzzzzzzzzz&datanum=1782&page=27&prev_page=0&listnum=20
535,/_c21_/recent_bbs_read?grpid=1gOL&fldid=KOy1&contentval=000Sjzzzzzzzzzzzzzzzzzzzzzzzzz&datanum=1781&page=27&prev_page=0&listnum=20
536,/_c21_/recent_bbs_read?grpid=1gOL&fldid=KOy1&contentval=000Sizzzzzzzzzzzzzzzzzzzzzzzzz&datanum=1780&page=27&prev_page=0&listnum=20
537,/_c21_/recent_bbs_read?grpid=1gOL&fldid=KOy1&contentval=000Shzzzzzzzzzzzzzzzzzzzzzzzzz&datanum=1779&page=27&prev_page=0&listnum=20
538,/_c21_/recent_bbs_read?grpid=1gOL&fldid=RHSi&contentval=0001Yzzzzzzzzzzzzzzzzzzzzzzzzz&datanum=96&page=27&prev_page=0&listnum=20
539,/_c21_/recent_bbs_read?grpid=1gOL&fldid=53Yk&contentval=000HKzzzzzzzzzzzzzzzzzzzzzzzzz&datanum=1074&page=27&prev_page=0&listnum=20
540,/_c21_/recent_bbs_read?grpid=1gOL&fldid=8LdU&contentval=000kTzzzzzzzzzzzzzzzzzzzzzzzzz&datanum=2881&page=28&prev_page=0&listnum=20
541,/_c21_/recent_bbs_read?grpid=1gOL&fldid=3FD&contentval=007kezzzzzzzzzzzzzzzzzzzzzzzzz&datanum=29800&page=28&prev_page=0&listnum=20
542,/_c21_/recent_bbs_read?grpid=1gOL&fldid=PhG5&contentval=0005kzzzzzzzzzzzzzzzzzzzzzzzzz&datanum=356&page=28&prev_page=0&listnum=20
543,/_c21_/recent_bbs_read?grpid=1gOL&fldid=KOy1&contentval=000Sfzzzzzzzzzzzzzzzzzzzzzzzzz&datanum=1777&page=28&prev_page=0&listnum=20
544,/_c21_/recent_bbs_read?grpid=1gOL&fldid=8LdU&contentval=000kSzzzzzzzzzzzzzzzzzzzzzzzzz&datanum=2880&page=28&prev_page=0&listnum=20
545,/_c21_/recent_bbs_read?grpid=1gOL&fldid=DFBh&contentval=0004szzzzzzzzzzzzzzzzzzzzzzzzz&datanum=302&page=28&prev_page=0&listnum=20
546,/_c21_/recent_bbs_read?grpid=1gOL&fldid=RNCC&contentval=0000Wzzzzzzzzzzzzzzzzzzzzzzzzz&datanum=32&page=28&prev_page=0&listnum=20
547,/_c21_/recent_bbs_read?grpid=1gOL&fldid=KOy1&contentval=000Sdzzzzzzzzzzzzzzzzzzzzzzzzz&datanum=1775&page=28&prev_page=0&listnum=20
548,/_c21_/recent_bbs_read?grpid=1gOL&fldid=RNCC&contentval=0000Vzzzzzzzzzzzzzzzzzzzzzzzzz&datanum=31&page=28&prev_page=0&listnum=20
549,/_c21_/recent_bbs_read?grpid=1gOL&fldid=KOy1&contentval=000Sczzzzzzzzzzzzzzzzzzzzzzzzz&datanum=1774&page=28&prev_page=0&listnum=20
550,/_c21_/recent_bbs_read?grpid=1gOL&fldid=8LdU&contentval=000kRzzzzzzzzzzzzzzzzzzzzzzzzz&datanum=2879&page=28&prev_page=0&listnum=20
551,/_c21_/recent_bbs_read?grpid=1gOL&fldid=8LdU&contentval=000kQzzzzzzzzzzzzzzzzzzzzzzzzz&datanum=2878&page=28&prev_page=0&listnum=20
552,/_c21_/recent_bbs_read?grpid=1gOL&fldid=8LdU&contentval=000kPzzzzzzzzzzzzzzzzzzzzzzzzz&datanum=2877&page=28&prev_page=0&listnum=20
553,/_c21_/recent_bbs_read?grpid=1gOL&fldid=8LdU&contentval=000kOzzzzzzzzzzzzzzzzzzzzzzzzz&datanum=2876&page=28&prev_page=0&listnum=20
554,/_c21_/recent_bbs_read?grpid=1gOL&fldid=KOy1&contentval=000Sbzzzzzzzzzzzzzzzzzzzzzzzzz&datanum=1773&page=28&prev_page=0&listnum=20
555,/_c21_/recent_bbs_read?grpid=1gOL&fldid=5Sp8&contentval=000dQzzzzzzzzzzzzzzzzzzzzzzzzz&datanum=2444&page=28&prev_page=0&listnum=20
556,/_c21_/recent_bbs_read?grpid=1gOL&fldid=8LdU&contentval=000kNzzzzzzzzzzzzzzzzzzzzzzzzz&datanum=2875&page=28&prev_page=0&listnum=20
557,/_c21_/recent_bbs_read?grpid=1gOL&fldid=RNCC&contentval=0000Uzzzzzzzzzzzzzzzzzzzzzzzzz&datanum=30&page=28&prev_page=0&listnum=20
558,/_c21_/recent_bbs_read?grpid=1gOL&fldid=RNCC&contentval=0000Tzzzzzzzzzzzzzzzzzzzzzzzzz&datanum=29&page=28&prev_page=0&listnum=20
559,/_c21_/recent_bbs_read?grpid=1gOL&fldid=RNCC&contentval=0000Szzzzzzzzzzzzzzzzzzzzzzzzz&datanum=28&page=28&prev_page=0&listnum=20
560,/_c21_/recent_bbs_read?grpid=1gOL&fldid=RNCC&contentval=0000Rzzzzzzzzzzzzzzzzzzzzzzzzz&datanum=27&page=29&prev_page=0&listnum=20
561,/_c21_/recent_bbs_read?grpid=1gOL&fldid=8LdU&contentval=000kMzzzzzzzzzzzzzzzzzzzzzzzzz&datanum=2874&page=29&prev_page=0&listnum=20
562,/_c21_/recent_bbs_read?grpid=1gOL&fldid=RNCC&contentval=0000Qzzzzzzzzzzzzzzzzzzzzzzzzz&datanum=26&page=29&prev_page=0&listnum=20
563,/_c21_/recent_bbs_read?grpid=1gOL&fldid=KOy1&contentval=000SXzzzzzzzzzzzzzzzzzzzzzzzzz&datanum=1769&page=29&prev_page=0&listnum=20
564,/_c21_/recent_bbs_read?grpid=1gOL&fldid=KOy1&contentval=000SWzzzzzzzzzzzzzzzzzzzzzzzzz&datanum=1768&page=29&prev_page=0&listnum=20
565,/_c21_/recent_bbs_read?grpid=1gOL&fldid=KOy1&contentval=000SVzzzzzzzzzzzzzzzzzzzzzzzzz&datanum=1767&page=29&prev_page=0&listnum=20
566,/_c21_/recent_bbs_read?grpid=1gOL&fldid=RNCC&contentval=0000Pzzzzzzzzzzzzzzzzzzzzzzzzz&datanum=25&page=29&prev_page=0&listnum=20
567,/_c21_/recent_bbs_read?grpid=1gOL&fldid=8LdU&contentval=000kLzzzzzzzzzzzzzzzzzzzzzzzzz&datanum=2873&page=29&prev_page=0&listnum=20
568,/_c21_/recent_bbs_read?grpid=1gOL&fldid=8LdU&contentval=000kKzzzzzzzzzzzzzzzzzzzzzzzzz&datanum=2872&page=29&prev_page=0&listnum=20
569,/_c21_/recent_bbs_read?grpid=1gOL&fldid=DFBh&contentval=0004rzzzzzzzzzzzzzzzzzzzzzzzzz&datanum=301&page=29&prev_page=0&listnum=20
570,/_c21_/recent_bbs_read?grpid=1gOL&fldid=5Sp8&contentval=000dPzzzzzzzzzzzzzzzzzzzzzzzzz&datanum=2443&page=29&prev_page=0&listnum=20
571,/_c21_/recent_bbs_read?grpid=1gOL&fldid=KOy1&contentval=000STzzzzzzzzzzzzzzzzzzzzzzzzz&datanum=1765&page=29&prev_page=0&listnum=20
572,/_c21_/recent_bbs_read?grpid=1gOL&fldid=KOy1&contentval=000SRzzzzzzzzzzzzzzzzzzzzzzzzz&datanum=1763&page=29&prev_page=0&listnum=20
573,/_c21_/recent_bbs_read?grpid=1gOL&fldid=3FD&contentval=007kczzzzzzzzzzzzzzzzzzzzzzzzz&datanum=29798&page=29&prev_page=0&listnum=20
574,/_c21_/recent_bbs_read?grpid=1gOL&fldid=8LdU&contentval=000kJzzzzzzzzzzzzzzzzzzzzzzzzz&datanum=2871&page=29&prev_page=0&listnum=20
575,/_c21_/recent_bbs_read?grpid=1gOL&fldid=3FD&contentval=007kbzzzzzzzzzzzzzzzzzzzzzzzzz&datanum=29797&page=29&prev_page=0&listnum=20
576,/_c21_/recent_bbs_read?grpid=1gOL&fldid=KOy1&contentval=000SPzzzzzzzzzzzzzzzzzzzzzzzzz&datanum=1761&page=29&prev_page=0&listnum=20
577,/_c21_/recent_bbs_read?grpid=1gOL&fldid=3FD&contentval=007kazzzzzzzzzzzzzzzzzzzzzzzzz&datanum=29796&page=29&prev_page=0&listnum=20
578,/_c21_/recent_bbs_read?grpid=1gOL&fldid=3FD&contentval=007kZzzzzzzzzzzzzzzzzzzzzzzzzz&datanum=29795&page=29&prev_page=0&listnum=20
579,/_c21_/recent_bbs_read?grpid=1gOL&fldid=KOy1&contentval=000SNzzzzzzzzzzzzzzzzzzzzzzzzz&datanum=1759&page=29&prev_page=0&listnum=20
580,/_c21_/recent_bbs_read?grpid=1gOL&fldid=Pfbr&contentval=0001Rzzzzzzzzzzzzzzzzzzzzzzzzz&datanum=89&page=30&prev_page=0&listnum=20
581,/_c21_/recent_bbs_read?grpid=1gOL&fldid=8LdU&contentval=000kIzzzzzzzzzzzzzzzzzzzzzzzzz&datanum=2870&page=30&prev_page=0&listnum=20
582,/_c21_/recent_bbs_read?grpid=1gOL&fldid=RNCC&contentval=0000Ozzzzzzzzzzzzzzzzzzzzzzzzz&datanum=24&page=30&prev_page=0&listnum=20
583,/_c21_/recent_bbs_read?grpid=1gOL&fldid=RNCC&contentval=0000Nzzzzzzzzzzzzzzzzzzzzzzzzz&datanum=23&page=30&prev_page=0&listnum=20
584,/_c21_/recent_bbs_read?grpid=1gOL&fldid=RNCC&contentval=0000Mzzzzzzzzzzzzzzzzzzzzzzzzz&datanum=22&page=30&prev_page=0&listnum=20
585,/_c21_/recent_bbs_read?grpid=1gOL&fldid=RNCC&contentval=0000Lzzzzzzzzzzzzzzzzzzzzzzzzz&datanum=21&page=30&prev_page=0&listnum=20
586,/_c21_/recent_bbs_read?grpid=1gOL&fldid=RNCC&contentval=0000Kzzzzzzzzzzzzzzzzzzzzzzzzz&datanum=20&page=30&prev_page=0&listnum=20
587,/_c21_/recent_bbs_read?grpid=1gOL&fldid=8LdU&contentval=000kHzzzzzzzzzzzzzzzzzzzzzzzzz&datanum=2869&page=30&prev_page=0&listnum=20
588,/_c21_/recent_bbs_read?grpid=1gOL&fldid=53Yk&contentval=000HJzzzzzzzzzzzzzzzzzzzzzzzzz&datanum=1073&page=30&prev_page=0&listnum=20
589,/_c21_/recent_bbs_read?grpid=1gOL&fldid=53Yk&contentval=000HIzzzzzzzzzzzzzzzzzzzzzzzzz&datanum=1072&page=30&prev_page=0&listnum=20
590,/_c21_/recent_bbs_read?grpid=1gOL&fldid=53Yk&contentval=000HHzzzzzzzzzzzzzzzzzzzzzzzzz&datanum=1071&page=30&prev_page=0&listnum=20
591,/_c21_/recent_bbs_read?grpid=1gOL&fldid=8LdU&contentval=000kGzzzzzzzzzzzzzzzzzzzzzzzzz&datanum=2868&page=30&prev_page=0&listnum=20
592,/_c21_/recent_bbs_read?grpid=1gOL&fldid=8LdU&contentval=000kFzzzzzzzzzzzzzzzzzzzzzzzzz&datanum=2867&page=30&prev_page=0&listnum=20
593,/_c21_/recent_bbs_read?grpid=1gOL&fldid=8LdU&contentval=000kEzzzzzzzzzzzzzzzzzzzzzzzzz&datanum=2866&page=30&prev_page=0&listnum=20
594,/_c21_/recent_bbs_read?grpid=1gOL&fldid=3FD&contentval=007kYzzzzzzzzzzzzzzzzzzzzzzzzz&datanum=29794&page=30&prev_page=0&listnum=20
595,/_c21_/recent_bbs_read?grpid=1gOL&fldid=RNCC&contentval=0000Jzzzzzzzzzzzzzzzzzzzzzzzzz&datanum=19&page=30&prev_page=0&listnum=20
596,/_c21_/recent_bbs_read?grpid=1gOL&fldid=KOy1&contentval=000SMzzzzzzzzzzzzzzzzzzzzzzzzz&datanum=1758&page=30&prev_page=0&listnum=20
597,/_c21_/recent_bbs_read?grpid=1gOL&fldid=KOy1&contentval=000SLzzzzzzzzzzzzzzzzzzzzzzzzz&datanum=1757&page=30&prev_page=0&listnum=20
598,/_c21_/recent_bbs_read?grpid=1gOL&fldid=RNCC&contentval=0000Izzzzzzzzzzzzzzzzzzzzzzzzz&datanum=18&page=30&prev_page=0&listnum=20
599,/_c21_/recent_bbs_read?grpid=1gOL&fldid=5Sp8&contentval=000dOzzzzzzzzzzzzzzzzzzzzzzzzz&datanum=2442&page=30&prev_page=0&listnum=20
600,/_c21_/recent_bbs_read?grpid=1gOL&fldid=8LdU&contentval=000kDzzzzzzzzzzzzzzzzzzzzzzzzz&datanum=2865&page=31&prev_page=0&listnum=20
601,/_c21_/recent_bbs_read?grpid=1gOL&fldid=KOy1&contentval=000SIzzzzzzzzzzzzzzzzzzzzzzzzz&datanum=1754&page=31&prev_page=0&listnum=20
602,/_c21_/recent_bbs_read?grpid=1gOL&fldid=RNCC&contentval=0000Hzzzzzzzzzzzzzzzzzzzzzzzzz&datanum=17&page=31&prev_page=0&listnum=20
603,/_c21_/recent_bbs_read?grpid=1gOL&fldid=DFBh&contentval=0004qzzzzzzzzzzzzzzzzzzzzzzzzz&datanum=300&page=31&prev_page=0&listnum=20
604,/_c21_/recent_bbs_read?grpid=1gOL&fldid=8LdU&contentval=000kCzzzzzzzzzzzzzzzzzzzzzzzzz&datanum=2864&page=31&prev_page=0&listnum=20
605,/_c21_/recent_bbs_read?grpid=1gOL&fldid=8LdU&contentval=000kBzzzzzzzzzzzzzzzzzzzzzzzzz&datanum=2863&page=31&prev_page=0&listnum=20
606,/_c21_/recent_bbs_read?grpid=1gOL&fldid=8LdU&contentval=000kAzzzzzzzzzzzzzzzzzzzzzzzzz&datanum=2862&page=31&prev_page=0&listnum=20
607,/_c21_/recent_bbs_read?grpid=1gOL&fldid=DFBh&contentval=0004pzzzzzzzzzzzzzzzzzzzzzzzzz&datanum=299&page=31&prev_page=0&listnum=20
608,/_c21_/recent_bbs_read?grpid=1gOL&fldid=8LdU&contentval=000k9zzzzzzzzzzzzzzzzzzzzzzzzz&datanum=2861&page=31&prev_page=0&listnum=20
609,/_c21_/recent_bbs_read?grpid=1gOL&fldid=8LdU&contentval=000k8zzzzzzzzzzzzzzzzzzzzzzzzz&datanum=2860&page=31&prev_page=0&listnum=20
610,/_c21_/recent_bbs_read?grpid=1gOL&fldid=8LdU&contentval=000k7zzzzzzzzzzzzzzzzzzzzzzzzz&datanum=2859&page=31&prev_page=0&listnum=20
611,/_c21_/recent_bbs_read?grpid=1gOL&fldid=8LdU&contentval=000k6zzzzzzzzzzzzzzzzzzzzzzzzz&datanum=2858&page=31&prev_page=0&listnum=20
612,/_c21_/recent_bbs_read?grpid=1gOL&fldid=8LdU&contentval=000k5zzzzzzzzzzzzzzzzzzzzzzzzz&datanum=2857&page=31&prev_page=0&listnum=20
613,/_c21_/recent_bbs_read?grpid=1gOL&fldid=8LdU&contentval=000k4zzzzzzzzzzzzzzzzzzzzzzzzz&datanum=2856&page=31&prev_page=0&listnum=20
614,/_c21_/recent_bbs_read?grpid=1gOL&fldid=3FD&contentval=007kWzzzzzzzzzzzzzzzzzzzzzzzzz&datanum=29792&page=31&prev_page=0&listnum=20
615,/_c21_/recent_bbs_read?grpid=1gOL&fldid=5Sp8&contentval=000dNzzzzzzzzzzzzzzzzzzzzzzzzz&datanum=2441&page=31&prev_page=0&listnum=20
616,/_c21_/recent_bbs_read?grpid=1gOL&fldid=8LdU&contentval=000k3zzzzzzzzzzzzzzzzzzzzzzzzz&datanum=2855&page=31&prev_page=0&listnum=20
617,/_c21_/recent_bbs_read?grpid=1gOL&fldid=5Sp8&contentval=000dMzzzzzzzzzzzzzzzzzzzzzzzzz&datanum=2440&page=31&prev_page=0&listnum=20
618,/_c21_/recent_bbs_read?grpid=1gOL&fldid=Pfbr&contentval=0001Qzzzzzzzzzzzzzzzzzzzzzzzzz&datanum=88&page=31&prev_page=0&listnum=20
619,/_c21_/recent_bbs_read?grpid=1gOL&fldid=8LdU&contentval=000k2zzzzzzzzzzzzzzzzzzzzzzzzz&datanum=2854&page=31&prev_page=0&listnum=20
620,/_c21_/recent_bbs_read?grpid=1gOL&fldid=KOy1&contentval=000SEzzzzzzzzzzzzzzzzzzzzzzzzz&datanum=1750&page=32&prev_page=0&listnum=20
621,/_c21_/recent_bbs_read?grpid=1gOL&fldid=8LdU&contentval=000k1zzzzzzzzzzzzzzzzzzzzzzzzz&datanum=2853&page=32&prev_page=0&listnum=20
622,/_c21_/recent_bbs_read?grpid=1gOL&fldid=KOy1&contentval=000SDzzzzzzzzzzzzzzzzzzzzzzzzz&datanum=1749&page=32&prev_page=0&listnum=20
623,/_c21_/recent_bbs_read?grpid=1gOL&fldid=KOy1&contentval=000SCzzzzzzzzzzzzzzzzzzzzzzzzz&datanum=1748&page=32&prev_page=0&listnum=20
624,/_c21_/recent_bbs_read?grpid=1gOL&fldid=KOy1&contentval=000SBzzzzzzzzzzzzzzzzzzzzzzzzz&datanum=1747&page=32&prev_page=0&listnum=20
625,/_c21_/recent_bbs_read?grpid=1gOL&fldid=8LdU&contentval=000k0zzzzzzzzzzzzzzzzzzzzzzzzz&datanum=2852&page=32&prev_page=0&listnum=20
626,/_c21_/recent_bbs_read?grpid=1gOL&fldid=8LdU&contentval=000jzzzzzzzzzzzzzzzzzzzzzzzzzz&datanum=2851&page=32&prev_page=0&listnum=20
627,/_c21_/recent_bbs_read?grpid=1gOL&fldid=8LdU&contentval=000jyzzzzzzzzzzzzzzzzzzzzzzzzz&datanum=2850&page=32&prev_page=0&listnum=20
628,/_c21_/recent_bbs_read?grpid=1gOL&fldid=3FD&contentval=007kTzzzzzzzzzzzzzzzzzzzzzzzzz&datanum=29789&page=32&prev_page=0&listnum=20
629,/_c21_/recent_bbs_read?grpid=1gOL&fldid=KOy1&contentval=000S9zzzzzzzzzzzzzzzzzzzzzzzzz&datanum=1745&page=32&prev_page=0&listnum=20
630,/_c21_/recent_bbs_read?grpid=1gOL&fldid=KOy1&contentval=000S8zzzzzzzzzzzzzzzzzzzzzzzzz&datanum=1744&page=32&prev_page=0&listnum=20
631,/_c21_/recent_bbs_read?grpid=1gOL&fldid=8LdU&contentval=000jxzzzzzzzzzzzzzzzzzzzzzzzzz&datanum=2849&page=32&prev_page=0&listnum=20
632,/_c21_/recent_bbs_read?grpid=1gOL&fldid=8LdU&contentval=000jwzzzzzzzzzzzzzzzzzzzzzzzzz&datanum=2848&page=32&prev_page=0&listnum=20
633,/_c21_/recent_bbs_read?grpid=1gOL&fldid=8LdU&contentval=000jvzzzzzzzzzzzzzzzzzzzzzzzzz&datanum=2847&page=32&prev_page=0&listnum=20
634,/_c21_/recent_bbs_read?grpid=1gOL&fldid=8LdU&contentval=000juzzzzzzzzzzzzzzzzzzzzzzzzz&datanum=2846&page=32&prev_page=0&listnum=20
635,/_c21_/recent_bbs_read?grpid=1gOL&fldid=KOy1&contentval=000S6zzzzzzzzzzzzzzzzzzzzzzzzz&datanum=1742&page=32&prev_page=0&listnum=20
636,/_c21_/recent_bbs_read?grpid=1gOL&fldid=8LdU&contentval=000jtzzzzzzzzzzzzzzzzzzzzzzzzz&datanum=2845&page=32&prev_page=0&listnum=20
637,/_c21_/recent_bbs_read?grpid=1gOL&fldid=KOy1&contentval=000S4zzzzzzzzzzzzzzzzzzzzzzzzz&datanum=1740&page=32&prev_page=0&listnum=20
638,/_c21_/recent_bbs_read?grpid=1gOL&fldid=8LdU&contentval=000jszzzzzzzzzzzzzzzzzzzzzzzzz&datanum=2844&page=32&prev_page=0&listnum=20
639,/_c21_/recent_bbs_read?grpid=1gOL&fldid=8LdU&contentval=000jrzzzzzzzzzzzzzzzzzzzzzzzzz&datanum=2843&page=32&prev_page=0&listnum=20
640,/_c21_/recent_bbs_read?grpid=1gOL&fldid=8LdU&contentval=000jqzzzzzzzzzzzzzzzzzzzzzzzzz&datanum=2842&page=33&prev_page=0&listnum=20
641,/_c21_/recent_bbs_read?grpid=1gOL&fldid=8LdU&contentval=000jpzzzzzzzzzzzzzzzzzzzzzzzzz&datanum=2841&page=33&prev_page=0&listnum=20
642,/_c21_/recent_bbs_read?grpid=1gOL&fldid=3FD&contentval=007kRzzzzzzzzzzzzzzzzzzzzzzzzz&datanum=29787&page=33&prev_page=0&listnum=20
643,/_c21_/recent_bbs_read?grpid=1gOL&fldid=8LdU&contentval=000jozzzzzzzzzzzzzzzzzzzzzzzzz&datanum=2840&page=33&prev_page=0&listnum=20
644,/_c21_/recent_bbs_read?grpid=1gOL&fldid=8LdU&contentval=000jnzzzzzzzzzzzzzzzzzzzzzzzzz&datanum=2839&page=33&prev_page=0&listnum=20
645,/_c21_/recent_bbs_read?grpid=1gOL&fldid=8LdU&contentval=000jmzzzzzzzzzzzzzzzzzzzzzzzzz&datanum=2838&page=33&prev_page=0&listnum=20
646,/_c21_/recent_bbs_read?grpid=1gOL&fldid=8LdU&contentval=000jlzzzzzzzzzzzzzzzzzzzzzzzzz&datanum=2837&page=33&prev_page=0&listnum=20
647,/_c21_/recent_bbs_read?grpid=1gOL&fldid=3FD&contentval=007kQzzzzzzzzzzzzzzzzzzzzzzzzz&datanum=29786&page=33&prev_page=0&listnum=20
648,/_c21_/recent_bbs_read?grpid=1gOL&fldid=KOy1&contentval=000S3zzzzzzzzzzzzzzzzzzzzzzzzz&datanum=1739&page=33&prev_page=0&listnum=20
649,/_c21_/recent_bbs_read?grpid=1gOL&fldid=PhG5&contentval=0005gzzzzzzzzzzzzzzzzzzzzzzzzz&datanum=352&page=33&prev_page=0&listnum=20
650,/_c21_/recent_bbs_read?grpid=1gOL&fldid=PhG5&contentval=0005hzzzzzzzzzzzzzzzzzzzzzzzzz&datanum=353&page=33&prev_page=0&listnum=20
651,/_c21_/recent_bbs_read?grpid=1gOL&fldid=5Sp8&contentval=000dLzzzzzzzzzzzzzzzzzzzzzzzzz&datanum=2439&page=33&prev_page=0&listnum=20
652,/_c21_/recent_bbs_read?grpid=1gOL&fldid=PhG5&contentval=0005izzzzzzzzzzzzzzzzzzzzzzzzz&datanum=354&page=33&prev_page=0&listnum=20
653,/_c21_/recent_bbs_read?grpid=1gOL&fldid=KOy1&contentval=000S1zzzzzzzzzzzzzzzzzzzzzzzzz&datanum=1737&page=33&prev_page=0&listnum=20
654,/_c21_/recent_bbs_read?grpid=1gOL&fldid=5Sp8&contentval=000dKzzzzzzzzzzzzzzzzzzzzzzzzz&datanum=2438&page=33&prev_page=0&listnum=20
655,/_c21_/recent_bbs_read?grpid=1gOL&fldid=8LdU&contentval=000jkzzzzzzzzzzzzzzzzzzzzzzzzz&datanum=2836&page=33&prev_page=0&listnum=20
656,/_c21_/recent_bbs_read?grpid=1gOL&fldid=3FD&contentval=007kMzzzzzzzzzzzzzzzzzzzzzzzzz&datanum=29782&page=33&prev_page=0&listnum=20
657,/_c21_/recent_bbs_read?grpid=1gOL&fldid=KOy1&contentval=000Rzzzzzzzzzzzzzzzzzzzzzzzzzz&datanum=1735&page=33&prev_page=0&listnum=20
658,/_c21_/recent_bbs_read?grpid=1gOL&fldid=PhG5&contentval=0005fzzzzzzzzzzzzzzzzzzzzzzzzz&datanum=351&page=33&prev_page=0&listnum=20
659,/_c21_/recent_bbs_read?grpid=1gOL&fldid=8LdU&contentval=000jjzzzzzzzzzzzzzzzzzzzzzzzzz&datanum=2835&page=33&prev_page=0&listnum=20
660,/_c21_/recent_bbs_read?grpid=1gOL&fldid=53Yk&contentval=000HGzzzzzzzzzzzzzzzzzzzzzzzzz&datanum=1070&page=34&prev_page=0&listnum=20
661,/_c21_/recent_bbs_read?grpid=1gOL&fldid=5Sp8&contentval=000dJzzzzzzzzzzzzzzzzzzzzzzzzz&datanum=2437&page=34&prev_page=0&listnum=20
662,/_c21_/recent_bbs_read?grpid=1gOL&fldid=KOy1&contentval=000Rwzzzzzzzzzzzzzzzzzzzzzzzzz&datanum=1732&page=34&prev_page=0&listnum=20
663,/_c21_/recent_bbs_read?grpid=1gOL&fldid=8LdU&contentval=000jizzzzzzzzzzzzzzzzzzzzzzzzz&datanum=2834&page=34&prev_page=0&listnum=20
664,/_c21_/recent_bbs_read?grpid=1gOL&fldid=3FD&contentval=007kLzzzzzzzzzzzzzzzzzzzzzzzzz&datanum=29781&page=34&prev_page=0&listnum=20
665,/_c21_/recent_bbs_read?grpid=1gOL&fldid=8LdU&contentval=000jhzzzzzzzzzzzzzzzzzzzzzzzzz&datanum=2833&page=34&prev_page=0&listnum=20
666,/_c21_/recent_bbs_read?grpid=1gOL&fldid=KOy1&contentval=000Rvzzzzzzzzzzzzzzzzzzzzzzzzz&datanum=1731&page=34&prev_page=0&listnum=20
667,/_c21_/recent_bbs_read?grpid=1gOL&fldid=Pfbr&contentval=0001O0001Pzzzzzzzzzzzzzzzzzzzz&datanum=87&page=34&prev_page=0&listnum=20
668,/_c21_/recent_bbs_read?grpid=1gOL&fldid=Pfbr&contentval=0001Ozzzzzzzzzzzzzzzzzzzzzzzzz&datanum=86&page=34&prev_page=0&listnum=20
669,/_c21_/recent_bbs_read?grpid=1gOL&fldid=3FD&contentval=007kKzzzzzzzzzzzzzzzzzzzzzzzzz&datanum=29780&page=34&prev_page=0&listnum=20
670,/_c21_/recent_bbs_read?grpid=1gOL&fldid=8LdU&contentval=000jgzzzzzzzzzzzzzzzzzzzzzzzzz&datanum=2832&page=34&prev_page=0&listnum=20
671,/_c21_/recent_bbs_read?grpid=1gOL&fldid=8LdU&contentval=000jfzzzzzzzzzzzzzzzzzzzzzzzzz&datanum=2831&page=34&prev_page=0&listnum=20
672,/_c21_/recent_bbs_read?grpid=1gOL&fldid=KOy1&contentval=000Ruzzzzzzzzzzzzzzzzzzzzzzzzz&datanum=1730&page=34&prev_page=0&listnum=20
673,/_c21_/recent_bbs_read?grpid=1gOL&fldid=KOy1&contentval=000Rtzzzzzzzzzzzzzzzzzzzzzzzzz&datanum=1729&page=34&prev_page=0&listnum=20
674,/_c21_/recent_bbs_read?grpid=1gOL&fldid=8LdU&contentval=000jezzzzzzzzzzzzzzzzzzzzzzzzz&datanum=2830&page=34&prev_page=0&listnum=20
675,/_c21_/recent_bbs_read?grpid=1gOL&fldid=5Sp8&contentval=000dIzzzzzzzzzzzzzzzzzzzzzzzzz&datanum=2436&page=34&prev_page=0&listnum=20
676,/_c21_/recent_bbs_read?grpid=1gOL&fldid=5Sp8&contentval=000dHzzzzzzzzzzzzzzzzzzzzzzzzz&datanum=2435&page=34&prev_page=0&listnum=20
677,/_c21_/recent_bbs_read?grpid=1gOL&fldid=KOy1&contentval=000Rszzzzzzzzzzzzzzzzzzzzzzzzz&datanum=1728&page=34&prev_page=0&listnum=20
678,/_c21_/recent_bbs_read?grpid=1gOL&fldid=3FD&contentval=007kJzzzzzzzzzzzzzzzzzzzzzzzzz&datanum=29779&page=34&prev_page=0&listnum=20
679,/_c21_/recent_bbs_read?grpid=1gOL&fldid=KOy1&contentval=000Rrzzzzzzzzzzzzzzzzzzzzzzzzz&datanum=1727&page=34&prev_page=0&listnum=20
680,/_c21_/recent_bbs_read?grpid=1gOL&fldid=8LdU&contentval=000jdzzzzzzzzzzzzzzzzzzzzzzzzz&datanum=2829&page=35&prev_page=0&listnum=20
681,/_c21_/recent_bbs_read?grpid=1gOL&fldid=KOy1&contentval=000Rpzzzzzzzzzzzzzzzzzzzzzzzzz&datanum=1725&page=35&prev_page=0&listnum=20
682,/_c21_/recent_bbs_read?grpid=1gOL&fldid=8LdU&contentval=000jbzzzzzzzzzzzzzzzzzzzzzzzzz&datanum=2827&page=35&prev_page=0&listnum=20
683,/_c21_/recent_bbs_read?grpid=1gOL&fldid=8LdU&contentval=000jazzzzzzzzzzzzzzzzzzzzzzzzz&datanum=2826&page=35&prev_page=0&listnum=20
684,/_c21_/recent_bbs_read?grpid=1gOL&fldid=8LdU&contentval=000jZzzzzzzzzzzzzzzzzzzzzzzzzz&datanum=2825&page=35&prev_page=0&listnum=20
685,/_c21_/recent_bbs_read?grpid=1gOL&fldid=KOy1&contentval=000Rozzzzzzzzzzzzzzzzzzzzzzzzz&datanum=1724&page=35&prev_page=0&listnum=20
686,/_c21_/recent_bbs_read?grpid=1gOL&fldid=8LdU&contentval=000jczzzzzzzzzzzzzzzzzzzzzzzzz&datanum=2828&page=35&prev_page=0&listnum=20
687,/_c21_/recent_bbs_read?grpid=1gOL&fldid=8LdU&contentval=000jYzzzzzzzzzzzzzzzzzzzzzzzzz&datanum=2824&page=35&prev_page=0&listnum=20
688,/_c21_/recent_bbs_read?grpid=1gOL&fldid=8LdU&contentval=000jXzzzzzzzzzzzzzzzzzzzzzzzzz&datanum=2823&page=35&prev_page=0&listnum=20
689,/_c21_/recent_bbs_read?grpid=1gOL&fldid=3FD&contentval=007kHzzzzzzzzzzzzzzzzzzzzzzzzz&datanum=29777&page=35&prev_page=0&listnum=20
690,/_c21_/recent_bbs_read?grpid=1gOL&fldid=8LdU&contentval=000jWzzzzzzzzzzzzzzzzzzzzzzzzz&datanum=2822&page=35&prev_page=0&listnum=20
691,/_c21_/recent_bbs_read?grpid=1gOL&fldid=8LdU&contentval=000jVzzzzzzzzzzzzzzzzzzzzzzzzz&datanum=2821&page=35&prev_page=0&listnum=20
692,/_c21_/recent_bbs_read?grpid=1gOL&fldid=8LdU&contentval=000jUzzzzzzzzzzzzzzzzzzzzzzzzz&datanum=2820&page=35&prev_page=0&listnum=20
693,/_c21_/recent_bbs_read?grpid=1gOL&fldid=8LdU&contentval=000jTzzzzzzzzzzzzzzzzzzzzzzzzz&datanum=2819&page=35&prev_page=0&listnum=20
694,/_c21_/recent_bbs_read?grpid=1gOL&fldid=DFBh&contentval=0004ozzzzzzzzzzzzzzzzzzzzzzzzz&datanum=298&page=35&prev_page=0&listnum=20
695,/_c21_/recent_bbs_read?grpid=1gOL&fldid=KOy1&contentval=000Rmzzzzzzzzzzzzzzzzzzzzzzzzz&datanum=1722&page=35&prev_page=0&listnum=20
696,/_c21_/recent_bbs_read?grpid=1gOL&fldid=8LdU&contentval=000jSzzzzzzzzzzzzzzzzzzzzzzzzz&datanum=2818&page=35&prev_page=0&listnum=20
697,/_c21_/recent_bbs_read?grpid=1gOL&fldid=KOy1&contentval=000Rlzzzzzzzzzzzzzzzzzzzzzzzzz&datanum=1721&page=35&prev_page=0&listnum=20
698,/_c21_/recent_bbs_read?grpid=1gOL&fldid=8LdU&contentval=000jRzzzzzzzzzzzzzzzzzzzzzzzzz&datanum=2817&page=35&prev_page=0&listnum=20
699,/_c21_/recent_bbs_read?grpid=1gOL&fldid=8LdU&contentval=000jQzzzzzzzzzzzzzzzzzzzzzzzzz&datanum=2816&page=35&prev_page=0&listnum=20
700,/_c21_/recent_bbs_read?grpid=1gOL&fldid=8LdU&contentval=000jPzzzzzzzzzzzzzzzzzzzzzzzzz&datanum=2815&page=36&prev_page=0&listnum=20
701,/_c21_/recent_bbs_read?grpid=1gOL&fldid=8LdU&contentval=000jOzzzzzzzzzzzzzzzzzzzzzzzzz&datanum=2814&page=36&prev_page=0&listnum=20
702,/_c21_/recent_bbs_read?grpid=1gOL&fldid=8LdU&contentval=000jNzzzzzzzzzzzzzzzzzzzzzzzzz&datanum=2813&page=36&prev_page=0&listnum=20
703,/_c21_/recent_bbs_read?grpid=1gOL&fldid=8LdU&contentval=000jMzzzzzzzzzzzzzzzzzzzzzzzzz&datanum=2812&page=36&prev_page=0&listnum=20
704,/_c21_/recent_bbs_read?grpid=1gOL&fldid=8LdU&contentval=000jLzzzzzzzzzzzzzzzzzzzzzzzzz&datanum=2811&page=36&prev_page=0&listnum=20
705,/_c21_/recent_bbs_read?grpid=1gOL&fldid=8LdU&contentval=000jKzzzzzzzzzzzzzzzzzzzzzzzzz&datanum=2810&page=36&prev_page=0&listnum=20
706,/_c21_/recent_bbs_read?grpid=1gOL&fldid=8LdU&contentval=000jJzzzzzzzzzzzzzzzzzzzzzzzzz&datanum=2809&page=36&prev_page=0&listnum=20
707,/_c21_/recent_bbs_read?grpid=1gOL&fldid=8LdU&contentval=000jIzzzzzzzzzzzzzzzzzzzzzzzzz&datanum=2808&page=36&prev_page=0&listnum=20
708,/_c21_/recent_bbs_read?grpid=1gOL&fldid=KOy1&contentval=000Rkzzzzzzzzzzzzzzzzzzzzzzzzz&datanum=1720&page=36&prev_page=0&listnum=20
709,/_c21_/recent_bbs_read?grpid=1gOL&fldid=PhG5&contentval=0005ezzzzzzzzzzzzzzzzzzzzzzzzz&datanum=350&page=36&prev_page=0&listnum=20
710,/_c21_/recent_bbs_read?grpid=1gOL&fldid=5Sp8&contentval=000dGzzzzzzzzzzzzzzzzzzzzzzzzz&datanum=2434&page=36&prev_page=0&listnum=20
711,/_c21_/recent_bbs_read?grpid=1gOL&fldid=8LdU&contentval=000jHzzzzzzzzzzzzzzzzzzzzzzzzz&datanum=2807&page=36&prev_page=0&listnum=20
712,/_c21_/recent_bbs_read?grpid=1gOL&fldid=8LdU&contentval=000jGzzzzzzzzzzzzzzzzzzzzzzzzz&datanum=2806&page=36&prev_page=0&listnum=20
713,/_c21_/recent_bbs_read?grpid=1gOL&fldid=Pfbr&contentval=0001Nzzzzzzzzzzzzzzzzzzzzzzzzz&datanum=85&page=36&prev_page=0&listnum=20
714,/_c21_/recent_bbs_read?grpid=1gOL&fldid=3FD&contentval=007kEzzzzzzzzzzzzzzzzzzzzzzzzz&datanum=29774&page=36&prev_page=0&listnum=20
715,/_c21_/recent_bbs_read?grpid=1gOL&fldid=KOy1&contentval=000Rhzzzzzzzzzzzzzzzzzzzzzzzzz&datanum=1717&page=36&prev_page=0&listnum=20
716,/_c21_/recent_bbs_read?grpid=1gOL&fldid=8LdU&contentval=000jFzzzzzzzzzzzzzzzzzzzzzzzzz&datanum=2805&page=36&prev_page=0&listnum=20
717,/_c21_/recent_bbs_read?grpid=1gOL&fldid=8LdU&contentval=000jEzzzzzzzzzzzzzzzzzzzzzzzzz&datanum=2804&page=36&prev_page=0&listnum=20
718,/_c21_/recent_bbs_read?grpid=1gOL&fldid=PhG5&contentval=0005dzzzzzzzzzzzzzzzzzzzzzzzzz&datanum=349&page=36&prev_page=0&listnum=20
719,/_c21_/recent_bbs_read?grpid=1gOL&fldid=3FD&contentval=007kCzzzzzzzzzzzzzzzzzzzzzzzzz&datanum=29772&page=36&prev_page=0&listnum=20
720,/_c21_/recent_bbs_read?grpid=1gOL&fldid=5Sp8&contentval=000dFzzzzzzzzzzzzzzzzzzzzzzzzz&datanum=2433&page=37&prev_page=0&listnum=20
721,/_c21_/recent_bbs_read?grpid=1gOL&fldid=5Sp8&contentval=000dEzzzzzzzzzzzzzzzzzzzzzzzzz&datanum=2432&page=37&prev_page=0&listnum=20
722,/_c21_/recent_bbs_read?grpid=1gOL&fldid=5Sp8&contentval=000dDzzzzzzzzzzzzzzzzzzzzzzzzz&datanum=2431&page=37&prev_page=0&listnum=20
723,/_c21_/recent_bbs_read?grpid=1gOL&fldid=KOy1&contentval=000Rezzzzzzzzzzzzzzzzzzzzzzzzz&datanum=1714&page=37&prev_page=0&listnum=20
724,/_c21_/recent_bbs_read?grpid=1gOL&fldid=TsU&contentval=000Pjzzzzzzzzzzzzzzzzzzzzzzzzz&datanum=1595&page=37&prev_page=0&listnum=20
725,/_c21_/recent_bbs_read?grpid=1gOL&fldid=KOy1&contentval=000RZzzzzzzzzzzzzzzzzzzzzzzzzz&datanum=1709&page=37&prev_page=0&listnum=20
726,/_c21_/recent_bbs_read?grpid=1gOL&fldid=3FD&contentval=007jtzzzzzzzzzzzzzzzzzzzzzzzzz&datanum=29753&page=37&prev_page=0&listnum=20
727,/_c21_/recent_bbs_read?grpid=1gOL&fldid=3FD&contentval=007kBzzzzzzzzzzzzzzzzzzzzzzzzz&datanum=29771&page=37&prev_page=0&listnum=20
728,/_c21_/recent_bbs_read?grpid=1gOL&fldid=3FD&contentval=007kAzzzzzzzzzzzzzzzzzzzzzzzzz&datanum=29770&page=37&prev_page=0&listnum=20
729,/_c21_/recent_bbs_read?grpid=1gOL&fldid=KOy1&contentval=000RUzzzzzzzzzzzzzzzzzzzzzzzzz&datanum=1704&page=37&prev_page=0&listnum=20
730,/_c21_/recent_bbs_read?grpid=1gOL&fldid=8LdU&contentval=000jDzzzzzzzzzzzzzzzzzzzzzzzzz&datanum=2803&page=37&prev_page=0&listnum=20
731,/_c21_/recent_bbs_read?grpid=1gOL&fldid=8LdU&contentval=000jCzzzzzzzzzzzzzzzzzzzzzzzzz&datanum=2802&page=37&prev_page=0&listnum=20
732,/_c21_/recent_bbs_read?grpid=1gOL&fldid=KOy1&contentval=000RQzzzzzzzzzzzzzzzzzzzzzzzzz&datanum=1700&page=37&prev_page=0&listnum=20
733,/_c21_/recent_bbs_read?grpid=1gOL&fldid=5Sp8&contentval=000dBzzzzzzzzzzzzzzzzzzzzzzzzz&datanum=2429&page=37&prev_page=0&listnum=20
734,/_c21_/recent_bbs_read?grpid=1gOL&fldid=KOy1&contentval=000RPzzzzzzzzzzzzzzzzzzzzzzzzz&datanum=1699&page=37&prev_page=0&listnum=20
735,/_c21_/recent_bbs_read?grpid=1gOL&fldid=KOy1&contentval=000ROzzzzzzzzzzzzzzzzzzzzzzzzz&datanum=1698&page=37&prev_page=0&listnum=20
736,/_c21_/recent_bbs_read?grpid=1gOL&fldid=8LdU&contentval=000jBzzzzzzzzzzzzzzzzzzzzzzzzz&datanum=2801&page=37&prev_page=0&listnum=20
737,/_c21_/recent_bbs_read?grpid=1gOL&fldid=KOy1&contentval=000RKzzzzzzzzzzzzzzzzzzzzzzzzz&datanum=1694&page=37&prev_page=0&listnum=20
738,/_c21_/recent_bbs_read?grpid=1gOL&fldid=KOy1&contentval=000RIzzzzzzzzzzzzzzzzzzzzzzzzz&datanum=1692&page=37&prev_page=0&listnum=20
739,/_c21_/recent_bbs_read?grpid=1gOL&fldid=KOy1&contentval=000RHzzzzzzzzzzzzzzzzzzzzzzzzz&datanum=1691&page=37&prev_page=0&listnum=20
